"name","item","item 2","item 3","review-truncated-words","review-words","time"
"峰中景色","设施：5.0","环境：5.0","服务：5.0","有二十多年没有来过这里了，早已经找不到当初的样子了，没有变化就是王府井百货大楼和楼顶上的大钟还在哪里...","有二十多年没有来过这里了，早已经找不到当初的样子了，没有变化就是王府井百货大楼和楼顶上的大钟还在哪里，刚好7点钟声响起，钟声依然洪亮就想敲在心头，似乎又回到了从前。
这里已经是更加繁华，每天接待着全国各地的中华儿女游览。","2023-04-14
  更新于2023-04-15 21:24"
"蓝色的水晶","设施：4.5","环境：5.0","服务：4.5","🌺打卡王府井百货B2层的和平书局，位置就在金鱼胡同地铁站出来不远。吃完晚饭溜达到了王府井百货B2层。

?...","🌺打卡王府井百货B2层的和平书局，位置就在金鱼胡同地铁站出来不远。吃完晚饭溜达到了王府井百货B2层。

🌴这里真是满满的回忆，70-80年代的各种装扮，一下穿越回到了80年代。就连墙上的标语都是很有意思的。厕所，摩托，还有照相馆，发廊。大佛头，拉洋片。还有坐门口的老太太。还有绿皮火车🚞太逼真了。

🌺网红打卡圣地。","2023-04-15 14:05"
"匿名用户","设施：4.5","环境：4.5","服务：4.0","","自助式逛街为主 主打一个情怀，现在已经大变样了还是愿意偶尔来逛逛","2023-04-14 21:19"
"师父","设施：4.5","环境：4.5","服务：4.5","","老北京人早年的购物天地，承载了太多的历史过往和沉淀，如今依然享誉国内外。","2023-04-14 17:10"
"甜小妞儿","设施：4.0","环境：4.0","服务：4.0","百货大楼地下一层的有点像大时代一样的美食小广场，可以成为在附近工作人员的工作餐优秀之选，里面有点像大...","百货大楼地下一层的有点像大时代一样的美食小广场，可以成为在附近工作人员的工作餐优秀之选，里面有点像大商场的那种美食荟萃的地方，有麻辣烫，有淮南牛肉面，有米粉，还有炒菜，小碗，蒸菜，还有肉饼，总之选择很很多，这次吃的是麻辣烫哦，天呐，真的是很辣，如果一般的耐受程度的话，建议选择微辣。","2023-04-14 11:25"
"匿名用户","设施：3.5","环境：3.5","服务：3.5","","小时候就存在的北京地标性商场了，现在人气不高，但是还是推荐外地来的朋友来逛逛，地下有个网红店，挺火的，也可以去~","2023-04-13 21:42"
"zhanglei1028","设施：5.0","环境：5.0","服务：5.0","","沉浸式怀旧的地方，有种忆童年的感觉","2023-04-12 13:29"
"开心豆丁","设施：4.0","环境：4.0","服务：4.0","","下午逛的故宫，正好离百货大楼挺近的就过来逛了一下，人气很高，各种品牌商品应有尽有，还有很多美食","2023-04-11 20:36"
"yeguang313","设施：3.5","环境：3.5","服务：3.5","带话题#2023探索城市美好#和#Glad兔meet you#分享打卡美好瞬间
门口的喷泉定时开启，商场也有新布景可以拍...","带话题#2023探索城市美好#和#Glad兔meet you#分享打卡美好瞬间
门口的喷泉定时开启，商场也有新布景可以拍照。很不错的购物体验，想到什么分享什么，爱你哦🤟
按照导航就能找到，在步行街中心位置。","2023-04-11 16:01"
"人间理想心成","设施：4.0","环境：4.0","服务：4.0","说起王府井，到北京的人也是必到这个点打卡游览。其实这里也是一条街，只不过就是商场聚集的一条街，你要是...","说起王府井，到北京的人也是必到这个点打卡游览。其实这里也是一条街，只不过就是商场聚集的一条街，你要是想买东西，可以在这里的百货大楼逛上很久。
        我主要是去老凤祥看了一下，觉得款式都一般般。不过北京的老凤祥，连转运珠都是按克卖的，不是我们那边的一口价，这个真的实惠很多。","2023-04-10
  更新于2023-04-11 12:50"
"加仑swjl","设施：4.0","环境：4.0","服务：4.0","略有些冷清的百货大楼，感觉人气明显不如对面的apm～
这里也是地标建筑了，从外面看，整栋大楼金光灿灿，阳...","略有些冷清的百货大楼，感觉人气明显不如对面的apm～
这里也是地标建筑了，从外面看，整栋大楼金光灿灿，阳光直射下很是耀眼～
但进来一看，楼里着实没有多少客人，倒是地下层的和平菓局，人气很高，乌央乌央的挤满了人～
百货大楼也焕然一新了，很是新潮，不过可能是没啥吸引人的亮点吧，客人不多～
还是百货大楼越来越好，几代人的回忆啊～","2023-04-10 20:28"
"肉蛋","设施：5.0","环境：5.0","服务：5.0","","一座快有百年的商场，建筑风格一点也不输于当代","2023-04-10 15:23"
"点小评0243113214","设施：4.0","环境：4.0","服务：4.0","王府井的这个百货大楼，在寸土寸金的地方，是很有含金量的，是北京百货大楼的金字招牌。一楼有全国劳模 张...","王府井的这个百货大楼，在寸土寸金的地方，是很有含金量的，是北京百货大楼的金字招牌。一楼有全国劳模 张秉贵纪念馆。百货大楼很大，造型经典，年代久远，声名远扬。商场里五花八门，品类齐全什么商品都有。都是以大牌为主，价格有点小贵。","2023-04-09 13:20"
"匿名用户","设施：3.5","环境：3.5","服务：4.0","","老牌的百货商场了，得有十几年没来过了，感觉还是老样子呢","2023-04-08
  更新于2023-04-09 08:31"
"健康美食_9869","设施：5.0","环境：5.0","服务：5.0","今天路过百货大楼，想去买老上海的润喉糖，问了几个货位都没有，继续走到地方特产的货位。问了服务员，她热...","今天路过百货大楼，想去买老上海的润喉糖，问了几个货位都没有，继续走到地方特产的货位。问了服务员，她热情的告诉我，能不能上京东看看，果然找到了。接着她又推荐我看看货位上新到的地方特产山西的沙棘原浆，上海老城隍庙的青豆笋丝。
青豆笋丝味道很好，就是笋丝太少了。
沙棘原浆没有什么特殊的味道，还是加在白开水里稍稍搅拌一下，很好喝。还想继续买。","2023-04-08 15:28"
"八棱山","设施：4.0","环境：4.5","服务：5.0","年前从西北到祖国首都，在天安门彻底感受了什么是摩肩接踵。特想去商场一逛，便来到了北京市百货大楼。里面...","年前从西北到祖国首都，在天安门彻底感受了什么是摩肩接踵。特想去商场一逛，便来到了北京市百货大楼。里面装修大气、服务周到，体会到了北京人民的热情。便买了一个充电宝。这里地处北京市东城区王府井大街255号。是中华人民共和国成立后北京建造的第一座大型百货零售商店，被誉为""新中国第一店""，位于王府井大街，以经营日用百货为主(1997年底经营品种达498万种)，1955年9月开业，名为北京市百货公司王府井百货商店。1968年7月改为现名。百货大楼售货员张秉贵是全国著名劳动模范，大楼前广场立有其半身铜像，陈云在基石上题词""一团火精神光跃神州""。这就是历史。这就是一次很难忘却的购物。","2023-03-28 10:49"
"杰小哥的妮","设施：4.5","环境：4.5","服务：5.0","跟朋友在百货大楼吃完饭，逛了一圈，看到七彩云南店，他家应该是新开业的，前段时间过来还没有。他们店长人...","跟朋友在百货大楼吃完饭，逛了一圈，看到七彩云南店，他家应该是新开业的，前段时间过来还没有。他们店长人很多，业务能力很强，专业知识也很扎实，根据你的需求，推荐适合的产品，全程非常耐心介绍，感觉非常好。不过这边这个店，没有工美大厦的七彩云南东西多。","2023-03-27 20:54"
"郁林","设施：3.5","环境：3.5","服务：3.5","与全国很多城市的百货大楼一样，严酷的市场经济特别网络消费面前，都面临着转型。曾经的辉煌不再，综合体布...","与全国很多城市的百货大楼一样，严酷的市场经济特别网络消费面前，都面临着转型。曾经的辉煌不再，综合体布局和发展也便成为当下商业系统迫在眉睫的大事。和平果局的出现，号称打造了复旧北京城的经典，可谓文旅背景的沉浸式商业。但似乎特点不明显，民俗风情街与东安商场地下有些重复，综合时尚赶不上大悦城，餐饮美食不及合生汇，食品选购被城乡生活汇碾压，文旅网红也没超过跌下神坛的长沙“文和友”的热闹，逛景不消费的多甚至连保定百货大楼食品超市里人头攒动踊跃购买的景象都不如…说白了，地理位置不错，但商业过于集中且车辆不方便出入，成为需要突破制约的硬伤。","2023-03-25 07:35"
"社会你涛哥","设施：4.5","环境：4.0","服务：4.0","北京的购物金街王府井，上世纪八十年代以百货大楼、东安市场和儿童用品商店著称，吸引了来着全国各地的游客...","北京的购物金街王府井，上世纪八十年代以百货大楼、东安市场和儿童用品商店著称，吸引了来着全国各地的游客来此购物。
几十年后故地重游，发现百货大楼B2有个北平菓局，保留了几十年前的绿皮车与老站台，老副食商店与老式简装糖果，老式照相馆和新华书店，老式街道与公共水房……有特色","2023-03-24 23:04"
"Summer刘","设施：2.5","环境：2.5","服务：3.5","","一条商业街，啥都有，步行街，不让走汽车","2023-03-22 11:54"
"匿名用户","设施：5.0","环境：5.0","服务：0.5","北门MK对面的服务台，20230319 18：00，两名服务员其中年长的，不说工作时间玩手机吧，因手机没电了，服务...","北门MK对面的服务台，20230319 18：00，两名服务员其中年长的，不说工作时间玩手机吧，因手机没电了，服务台的街电充电宝没有外接临时电源，扭头看到她在充电玩手机，特别特别客气的询问，希望帮忙顺手插一下把手机打亮，客观评价：
遇到此事，肯定是自己的问题为主，大马路上要求陌生人得到拒绝无可厚非，所以特意是在百货大楼国企的服务台寻求帮忙，得到的却是：直接把手机收到抽屉里，让我去借充电宝，我说我手机关机了，帮忙顺手接个电打亮就行，全程客客气气，但得到的却是冷漠的答复，找个卖手机的地方充去，旁边人员附和商场不允许外借。
我无法评判对与错，纯自身感受，服务，国企的服务，商场的服务台的服务，因为遇到了困难，寻求了帮助，如果举手之劳不能为之，设置这样的服务台，是指路？是形象？个人疑问而已，不是道德绑架，仅希望服务台，能真正发挥服务，在未来的日子，真的能名副其实！

毕竟是求人碰壁，唠叨而已，仅为告知，若遇麻烦，在相同地点同样的人，不如尝试问问身边的陌生人，或许能得到援手，没必要转了半个百货大楼找到服务台，得到如此下场。","2023-03-19 18:30"
"匿名用户","设施：5.0","环境：5.0","服务：5.0","王府井百货外型复古大气，内部装修高端，很有品质的商场，这么多年屹立不倒，游人如织。对游客来说，...","王府井百货外型复古大气，内部装修高端，很有品质的商场，这么多年屹立不倒，游人如织。对游客来说，和王府井百货合影是很有纪念意义的事情呢。
负二层的免费展览推荐大家看一下哦，怀旧复古的氛围满满，适合拍照还有吃喝，休息区也不少。","2023-03-18
  更新于2023-03-19 16:48"
"一只贪睡的大脸困猫","设施：5.0","环境：5.0","服务：5.0","王府井百货大楼是我童年记忆中最“神圣”的地方，🤫🤫🤫
随着时间的慢慢流逝，已经有很多年没有再来到这...","王府井百货大楼是我童年记忆中最“神圣”的地方，🤫🤫🤫
随着时间的慢慢流逝，已经有很多年没有再来到这里了；今天恰巧有事路过这里就顺便进来逛一逛😺😺😺
随着时代的变化，各个楼层的商品也都做到了与时俱进
然鹅 我却在地下找到了童年的记忆🙀🙀🙀一条不长的复古老街
一切都是那么的熟悉，远离了现代生活的喧嚣，一切都那么的平静；虽然贫困但也包涵着美好，淳朴的民风满满的烟火气、浓浓的人情味……
我想，这条留存在很多人记忆中的“影像”一定会让我们在想寻找记忆的时候重新再来到这里走一走，坐一坐的🎃🥓🍡","2023-03-16 09:54"
"吃否吃否","设施：4.5","环境：4.5","服务：4.5","位置，地铁八号线金鱼胡同出来就是apm穿过去就是百货大楼，这是老牌商场，老在大众上刷到怀旧老北京，特意...","位置，地铁八号线金鱼胡同出来就是apm穿过去就是百货大楼，这是老牌商场，老在大众上刷到怀旧老北京，特意和朋友过来玩~
在地下，不大，但布置的挺好，挺带感的，看到好多小时候才有的老物件，还给小朋友解释这些是干嘛的怎么用老了，老了就爱怀旧","2023-03-15 07:04"
"迪士尼在逃大肥","设施：4.5","环境：3.5","服务：3.5","很少来王府井百货大楼，虽然王府井倒是经常来，但是太多吸引我的商场。

若不是这次来这里约了朋友吃饭，估...","很少来王府井百货大楼，虽然王府井倒是经常来，但是太多吸引我的商场。

若不是这次来这里约了朋友吃饭，估计很久一段时间都不会来

不过里面吃饭的地方还是挺多的！
商场，也是传统的那种商场
网红店不多，但是也都是熟知的连锁
工作日来人也不少。","2023-03-14 23:37"
"little_train","设施：3.0","环境：3.0","服务：3.0","纯属寻找儿时的回忆，才进来看看的。
张秉贵当年的劳模，北京人没有不知晓的，那可是我们学习的楷模。卖糖...","纯属寻找儿时的回忆，才进来看看的。
张秉贵当年的劳模，北京人没有不知晓的，那可是我们学习的楷模。卖糖果🍬手就是称 一抓一准，绝了。
不过，现在已经没有了当年的柜台，连一点点痕迹都没有了，地下超市也没有什么顾客，连个小推车都没有，看一下就没有再逛下去的欲望，还不如一般的超市呢。
张秉贵和百货大楼好像没有任何关系，甚至感觉没有任何的联系，如果不是老北京人 不会知道张秉贵和百货大楼的关系，建议恢复一个张秉贵糖果🍬柜台。","2023-03-14 17:25"
"旭日东升","设施：5.0","环境：5.0","服务：5.0","元宵节热热闹闹，在网上收到王府井百货大楼负一层在搞活动，专程赶来体验一下热闹的元宵节气氛。门票30，6...","元宵节热热闹闹，在网上收到王府井百货大楼负一层在搞活动，专程赶来体验一下热闹的元宵节气氛。门票30，6张5元券，可以在里面买吃的，玩游戏，我玩的砸金蛋，啥也没中，听了个响。里面小姐姐很多，有舞龙，杂技等。","2023-03-14 16:10"
"xiayuhe","设施：4.5","环境：4.5","服务：4.5","老牌的百货商场了。记得很小的时候，能在王府井的百货大楼里边儿买东西是一件值得炫耀的事情。
现在在北边...","老牌的百货商场了。记得很小的时候，能在王府井的百货大楼里边儿买东西是一件值得炫耀的事情。
现在在北边儿又盖起了一栋，所以王府井百货大楼分成了南北两个馆。
也许是因为老牌的百货商场，所以楼层的间距比较高。在里面逛着是很舒服的，没有新商场楼层矮的那种压抑感。
今天只逛了旧有的百货大楼也就是南馆。一层照例是各种大牌的化妆品。二层，三层是女装，琳琅满目，高低档都有，四层是男装。
今天逛百货大楼，很有一种情愫在里面。嘻嘻。。。","2023-03-14 16:03"
"我还是小姐姐吖","设施：5.0","环境：5.0","服务：5.0","「北京市百货大楼(王府井店)」北京百货大楼地下二层  走下来的那一瞬间 就好像穿越了一样对于我老公...","「北京市百货大楼(王府井店)」北京百货大楼地下二层  走下来的那一瞬间 就好像穿越了一样对于我老公来说 这里的氛围是他满满的回忆呀 他说这里可以让他觉得内心平静 感觉很放松  真的值得来逛逛 而且免门票🎫 商场10点开门","2023-03-14 12:51"
"s妹","设施：5.0","环境：5.0","服务：5.0","地下二层真的很有特色吸引人过来打卡。
怀旧物件怀旧小吃让人身临其境活在旧时代。
旧电视📺、修鞋👟、煤...","地下二层真的很有特色吸引人过来打卡。
怀旧物件怀旧小吃让人身临其境活在旧时代。
旧电视📺、修鞋👟、煤矿、门口挂的衣服、读者杂志、连门口的洗脸盆都那么有特色。
还有报纸📰糊窗和牛皮癣广告、初代电影🎦老式火车、摩托车等哈哈。
值得打卡","2023-03-13 23:47"
"七星公主","设施：5.0","环境：5.0","服务：5.0","京城街拍，随心行走随手拍。
路过奥华小吃店，他家卖天津煎饼果子，还有嘎巴菜。从前在里边有几个座位，可...","京城街拍，随心行走随手拍。
路过奥华小吃店，他家卖天津煎饼果子，还有嘎巴菜。从前在里边有几个座位，可以吃嘎巴菜，天津包子。
旁边是奥华饭馆可以吃天津菜。
过了长安街就是王府井大街。街口是东方新天地商场。商场可以购物，地下一层有美食街。
进入商场往东一直走，出口就到了东单路口。
王府井大街有百货大楼。百货大楼是个老店。
王府井大街店铺林立。是北京著名繁华的商业街
台基厂大街，王府井大街
好亲切，曾在台基厂那生活了3年，很怀念那的公园
看北京百货大楼这几个字感觉很有年代感","2023-03-13 22:27"
"a775_hm","设施：4.5","环境：4.5","服务：4.5","","他家商场的服务很好，尤其是化妆品的柜姐，如果有需求肯定会来百货大楼买的","2023-03-12 19:15"
"liqingxinxiang","设施：5.0","环境：5.0","服务：5.0","王府井、百货大楼、东安市场这些是之前老北京人的记忆，承载了童年的美好回忆，现在整条街都时尚了很多，里...","王府井、百货大楼、东安市场这些是之前老北京人的记忆，承载了童年的美好回忆，现在整条街都时尚了很多，里面的商品也是琳琅满目，百货大楼的地下还有一个和平菓局，仿照老北京人生活建造的一个仿真场景很不错，逛着挺有意思的。","2023-03-12 16:04"
"爱你1","设施：3.5","环境：4.5","服务：4.0","北京市百货大楼确实不错，这是我第二次过来参观购物了。具体位置在王府井大街，这里是比较繁华的一条大街了...","北京市百货大楼确实不错，这是我第二次过来参观购物了。具体位置在王府井大街，这里是比较繁华的一条大街了，吃喝玩乐一条龙服务。百货大楼负一层可以去参观打卡，各种的怀旧，真的很真实，也充分提现了老一代人的不容易，生活的艰辛，在这里你可以充分的体验一次老北京的生活。体验一下过去的不易，珍惜现在美好的生活。努力奋斗吧年轻人，加油！","2023-03-10 20:08"
"完美世界","设施：4.0","环境：4.0","服务：4.0","王府井百货地下2层的和平镖局。
环境设计的还是很有年代感，一下回到了60~80年代。
地下的商户不是很多，有...","王府井百货地下2层的和平镖局。
环境设计的还是很有年代感，一下回到了60~80年代。
地下的商户不是很多，有一些游玩的地方。
最具特色的是绿皮火车头，还有一尊大佛的睡佛头像，没有拍照。
整体一般时间20分钟左右还是值得一去的。","2023-03-09 21:34"
"京娃","设施：4.5","环境：4.5","服务：4.5","在网上看到张秉贵博物馆，记得小时候看新闻播过“一把抓”，带孩子来看看，可以现在都是电子秤，店员没有一...","在网上看到张秉贵博物馆，记得小时候看新闻播过“一把抓”，带孩子来看看，可以现在都是电子秤，店员没有一把抓的手艺了。硬糖价格不贵，不过罐子里的东西一定要谨慎购买！标注的是50克的价格，别问我是怎么知道的，我买了700一斤的巧克力🍫……","2023-03-09 12:01"
"爱瑞吧迪来次够","设施：4.5","环境：4.5","服务：4.5","王府井地标建筑，每年有无数游客过来拍照打卡。一个是大门前的王秉贵塑像。另一个就是整点播放东方红的钟楼...","王府井地标建筑，每年有无数游客过来拍照打卡。一个是大门前的王秉贵塑像。另一个就是整点播放东方红的钟楼。百货分南北两座楼，北楼是后盖的。一般逛就去呗楼，有很多网红餐饮店，地下二层还有个网红打卡地和苹果局可以逛逛","2023-03-09 11:33"
"老谢家茶叶","设施：4.5","环境：4.5","服务：4.0","北京市的第一个百货大楼，和朋友溜达就来到了位于王府井步行街上，每天都是人满为患的客流，，...","北京市的第一个百货大楼，和朋友溜达就来到了位于王府井步行街上，每天都是人满为患的客流，，不得不说人是真多，从步行街上一看密密麻麻的客流，再加上周围的灯光装饰点缀，增加了氛围感，进入商场内也是各种的品牌店，黄金，化妆品，都是大牌的，整体看上去还不错，路过的朋友可以尝试溜达一圈，","2023-03-09 10:34"
"雅瞳","设施：5.0","环境：5.0","服务：5.0","北京市百货大楼（王府井店）

北京最具代表的老牌综合商场，虽然现在网购很方便，但仍然喜欢逛北京市百货大...","北京市百货大楼（王府井店）

北京最具代表的老牌综合商场，虽然现在网购很方便，但仍然喜欢逛北京市百货大楼。

这里环境好，购物体验感好！

位置：

王府井大街255号(东安市场对面)可以坐地铁1号线,王府井站下车200米左右

北京市百货大楼是中华人民共和国成立后北京建造的第一座大型百货零售商店，被誉为“新中国第一店”，位于王府井大街，以经营日用百货为主（1997年底经营品种达498万种），1955年9月开业，名为北京市百货公司王府井百货商店。1968年7月改为现名。

商场各个品牌齐全，布局合理，各种档次的商品多样化。","2023-03-07 15:07"
"小小美0909","设施：4.0","环境：3.5","服务：3.5","","陪老公开会，匆匆忙忙打了个卡，有时间再好好逛吧。","2023-03-06 11:00"
"LC","设施：5.0","环境：5.0","服务：5.0","百货大楼在这里可能更多的是一种地标象征，过来买东西的人远没有来打卡的人多。不过当年张秉贵在这按现在的...","百货大楼在这里可能更多的是一种地标象征，过来买东西的人远没有来打卡的人多。不过当年张秉贵在这按现在的话讲绝对算是顶流网红一般的劳模售货员，业务非常娴熟，对待顾客服务态度亲和，当年他所在的糖果柜台基本常年被围的水泄不通，在B站上有他当年的纪录片大家可以去看下，老爷子这种心怀感恩服务人民的心永远值得我们去学习。站在他半身像后面可以正好望到对面新中国儿童用品商店门口新设立的雷锋像，两位都是楷模一老一少，不知这样的安排是否是有意为之。另外百货大楼里还有张秉贵的博物馆和专属柜台，这次忘了去打卡，下次一定要来补上。","2023-03-04 23:23"
"BigHeavyComments","设施：4.0","环境：4.0","服务：4.0","","看到xx市百货大楼一定是当地最老牌的商场了
北京的和王府井百货连在一起
有点中商销品茂那意思
顺道在这里兑换了施丹兰的生日礼","2023-03-04 21:53"
"夜忘羡","设施：3.5","环境：3.5","服务：3.5","从侧边一个门进入的～门口设计的着实有风格，进去就是一个大玩具店，说句实话🤣玩偶大部分是真丑，但是手...","从侧边一个门进入的～门口设计的着实有风格，进去就是一个大玩具店，说句实话🤣玩偶大部分是真丑，但是手偶还真不常见～里面还有小型旋转木马！B2和平菓局真的很有老北京缩影的范儿，一开始还以为是个卖老式糕点的🙈值得逛一逛哦，可比逛普通MALL有意思多了","2023-03-04 19:15"
"梦想","设施：4.5","环境：4.5","服务：4.5","","商场人多啊，我和闺蜜只能压马路了","2023-03-02 16:55"
"无事忙","设施：5.0","环境：5.0","服务：5.0","北京王府井百货大楼位于一期王府井步行街东头西侧，apm购物中心对面。
北京百货大楼是北京地标，建于新中国...","北京王府井百货大楼位于一期王府井步行街东头西侧，apm购物中心对面。
北京百货大楼是北京地标，建于新中国解放初期，是北京第一座大型百货商店。
北京百货大楼南馆是原始建筑有五层，一层是国际名牌化妆品、珠宝、腕表。北馆是二期1999年开业的有地下二层地面九层。地下二层的和平菓局以再现老北京风俗轰动一时。
如果到了北京百货大楼免费的张秉贵纪念馆是必须去的。","2023-03-02 15:02"
"馆婉君心","设施：5.0","环境：5.0","服务：5.0","布局合理，风情土著，特别好的打卡地，没事来逛逛街真的不错，来北京一定要来这里，体验一次80年代的北京，...","布局合理，风情土著，特别好的打卡地，没事来逛逛街真的不错，来北京一定要来这里，体验一次80年代的北京，fi真的很有感觉，人来的挺多的。感受一下80年代北京的生活，领着孩子来看也是很不错的，很有年代的感觉，他那个喜欢，他那个喜欢这里的东西，很赞","2023-03-01 21:19"
"妃儿","设施：5.0","环境：5.0","服务：5.0","北京特色的商场，北京的老商场，现在化妆品一线品牌好多都有，所以很喜欢来这买护肤品，只要踏实放心。现在...","北京特色的商场，北京的老商场，现在化妆品一线品牌好多都有，所以很喜欢来这买护肤品，只要踏实放心。现在商场地下一层最吸引外地人，免费的机制体现我们北京人的大气，里面可以寻找儿时的回忆，太有意义了，品老北京的好地方。","2023-03-01 12:53"
"Monkey_7464","设施：5.0","环境：5.0","服务：5.0","百货大楼冬奥特许商品展示柜台在欧米架专柜对面。赶在厂家停产之前抢了一个冰箱贴和一组冰墩墩和雪蓉蓉留做...","百货大楼冬奥特许商品展示柜台在欧米架专柜对面。赶在厂家停产之前抢了一个冰箱贴和一组冰墩墩和雪蓉蓉留做冬奥纪念。虽说可选的纪念品样氏已不多火爆程度也大幅降低。但工作人员态度还是不错的。在挑选冰箱贴选择障碍时给予了良好的建议。","2023-03-01 06:09"
"匿名用户","设施：4.0","环境：4.0","服务：4.0","很长一段时间没来，和记忆中不太一样了，感觉人少了很多，晚上也没什么人。大部分还集中在顶层吃饭，商户基...","很长一段时间没来，和记忆中不太一样了，感觉人少了很多，晚上也没什么人。大部分还集中在顶层吃饭，商户基本没人逛。
疫情后，实体经济能坚持成这样也不容易，希望能多举办些活动吸引消费者来，而不是等着坐吃山空的那天。","2023-02-28 20:12"
"一只小铃铛","设施：4.0","环境：4.0","服务：4.0","商场地下有个叫和平果局的老北京风情街，感觉像是80年代的风格。有绿皮小火车，候车室，老北京胡同、平房。...","商场地下有个叫和平果局的老北京风情街，感觉像是80年代的风格。有绿皮小火车，候车室，老北京胡同、平房。小火车上有座位可以上去坐一会，感觉时光回到了从前，还是挺有意思的，适合各个年龄层的人逛，能够了解老北京风貌也可以怀旧一下。喜欢拍照的可以去溜达溜达，处处有惊喜哦～","2023-02-28 18:58"
"茶茶(OwO)","设施：5.0","环境：5.0","服务：4.5","百货大楼曾经的辉煌一去不复返了，尽管再次装修，环境远远提升，但是人流稀少，看得多买的少，也许百货大楼...","百货大楼曾经的辉煌一去不复返了，尽管再次装修，环境远远提升，但是人流稀少，看得多买的少，也许百货大楼的功能应该转变了吧，地下的和平果局就是特别好的尝试，必须为大楼点赞
还原了老北京的胡同原貌，惟妙惟肖，声光电做的都非常到位，令人禁不住穿越时空，值得来体验！","2023-02-28 10:14"
"浪漫一夏","设施：3.5","环境：4.0","服务：4.0","年前又来王府井这边逛逛了，疫情结束后，这边据说有庙会，就来凑个热闹。
作为王府井大街老牌百货大楼，人...","年前又来王府井这边逛逛了，疫情结束后，这边据说有庙会，就来凑个热闹。
作为王府井大街老牌百货大楼，人还是不少的，疫情过去后，一下子就恢复了人间烟火气。庙会在地下二层，排队人相当多，还被限流了。不过这边的东西种类还算很全，但是东西有点小贵。","2023-02-27 11:40"
"也是黄老邪啊","设施：3.0","环境：3.0","服务：3.0","王府井步行街的地标商场，老牌的地标商场。最早的王府井商圈的重要的组成部分。几代人的记忆。见证了时代的...","王府井步行街的地标商场，老牌的地标商场。最早的王府井商圈的重要的组成部分。几代人的记忆。见证了时代的商场。
大概怎么形容都不为过。如今外表依旧大致延续过去的模样，内部格局和商铺已经面目全新。在原有建筑格局的基础上，已经尽量革新的布局还是略显老派。人气也不旺。大概就是一些只在百货大楼设店的品牌店，可以带来一些在王府井的差异化竞争力吧。","2023-02-26 00:45"
"wxg51","设施：5.0","环境：5.0","服务：5.0","上次应该是好几年前了，布局没有太大的变化，和平果局门口多了兔子耳朵的熊。还是很有意思，非遗的编制小玩...","上次应该是好几年前了，布局没有太大的变化，和平果局门口多了兔子耳朵的熊。还是很有意思，非遗的编制小玩具，儿子说是斑马英语的思思老师来过，停车场有三层，方便，出来就是步行街，步行街上的人不少，看来来北京旅游的人不少，挺好！","2023-02-25 19:06"
"Hong_3393","设施：4.5","环境：4.5","服务：4.5","百货大楼可以北京王府井的标志性建筑，老字号商场，并且在近些年有了巨大的变化。商户都更换了，大牌商品全...","百货大楼可以北京王府井的标志性建筑，老字号商场，并且在近些年有了巨大的变化。商户都更换了，大牌商品全面入驻，一层是高档化妆品，还有一些国际一线品牌。楼下有一个来北京的街区，特别怀旧，作为北京人每次来的时候都觉得很激动。","2023-02-25 13:20"
"louiseann11","设施：5.0","环境：5.0","服务：5.0","","补发一个情人节coach给的仪式感，逛到王府井被店里的活动吸引，小姐姐们特别热情，送花花很意外，突然想送自己一个情人节礼物，直接下手。","2023-02-24 12:29"
"小铃铛","设施：5.0","环境：5.0","服务：4.5","百货大楼北京地标性商业街的重中之重，来旅游的都会来王府井看看百货大楼
现在都是重新装修的，早已没有了...","百货大楼北京地标性商业街的重中之重，来旅游的都会来王府井看看百货大楼
现在都是重新装修的，早已没有了原来的风采，不过在B1层有个老北京展览常年开放，可以找到老北京人的生活场景，卖东西的店铺可以卖些尝尝带给家人","2023-02-23 20:05"
"美美Di_2326","设施：4.5","环境：4.5","服务：4.5","好久没来王府井大街了，没想到晚上还是这么热闹
王府井最有代表性的当然是百货大楼。门口有张秉贵的雕像，...","好久没来王府井大街了，没想到晚上还是这么热闹
王府井最有代表性的当然是百货大楼。门口有张秉贵的雕像，热情服务的一团火精神还在延续
个人觉得地下二层的京味国潮会最吸引前来北京的游客，满满的70年代，80年代的回忆啊","2023-02-23 13:00"
"yangq1987","设施：5.0","环境：5.0","服务：5.0","黄金特别好，取得地下二层，这个大兔子特别的显眼，入门就是卖糖葫芦的地方，特别新鲜好吃，贼喜欢，推荐大...","黄金特别好，取得地下二层，这个大兔子特别的显眼，入门就是卖糖葫芦的地方，特别新鲜好吃，贼喜欢，推荐大家可以试一下。这里的东西都是走的回忆风，特别古老，都是80年代的小零食，还是小时候的味道，非常好，建议大家来看下","2023-02-21 15:15"
"蓝宁碧波","设施：4.5","环境：4.5","服务：4.5","这就是王府井的由来，一口王爷府的甜水井，据说周边都是苦水井，只有王爷府的井是甜水井。
但是封的太结实...","这就是王府井的由来，一口王爷府的甜水井，据说周边都是苦水井，只有王爷府的井是甜水井。
但是封的太结实了，一点缝隙都没有，也很少有人注意到。
应该是个打卡地。
以前王府井很繁华，人流如织，但是现在没有以前繁华，买个礼物还行","2023-02-19 07:44"
"黑幽游","设施：5.0","环境：5.0","服务：5.0","","今天慕名而来买了红螺茯苓饼，味道和以前差多了，分量重了，称斤价贵，失望至极，北京从此没有红螺茯苓饼。。","2023-02-18 22:47"
"山羹_iPeng","设施：3.5","环境：3.5","服务：3.5","于1955年开业经营至今的老北京百货大楼，是北京第一座大型百货零售商店，最早隶属于北京市百货公司，是小时...","于1955年开业经营至今的老北京百货大楼，是北京第一座大型百货零售商店，最早隶属于北京市百货公司，是小时候最综合最高端的购物场所了，家里如果来了外地的亲朋好友，都会带着去这逛逛街，算是很周到很有面子的招待方式之一。","2023-02-18 14:46"
"傻猪猪2008","设施：3.0","环境：3.5","服务：3.0","作为北京老牌的百货商场，这里负一层开设了一条非常怀旧的街道，也是挺有特色的，算是把老牌百货点亮了。里...","作为北京老牌的百货商场，这里负一层开设了一条非常怀旧的街道，也是挺有特色的，算是把老牌百货点亮了。里面的布置很有旧时的风味，应该也是北京当地的一点风味。
上面的店铺就略显冷清了，百货商店还是要想想办法，怎么去焕新。","2023-02-18 13:26"
"爱吃好吃的","设施：3.5","环境：3.5","服务：4.0","这也是王府井大街的标志性建筑之一吧，上一次近里面起码十几年前了，不过发现即使这么多年过去了，里面竟然...","这也是王府井大街的标志性建筑之一吧，上一次近里面起码十几年前了，不过发现即使这么多年过去了，里面竟然没有什么太大的变化，好像连里面的布局都是记忆中的样子。
即使外面逛街的人不少，不过这里面的人却不多。二三层还只有女卫，上个厕所要跑到四楼去也是不太多见的商场了。","2023-02-08
  更新于2023-02-17 09:46"
"北京城的小人物","设施：0.5","环境：0.5","服务：0.5","","地库有很多充电桩，本来是很好的事儿。但是，停车场居然和商场营业时间一样，早一点儿不让进，晚点儿出来费劲，非常不方便。现在车场入口都是自动进出，还非要限制时间，呵呵呵…… 加油吧 老百货","2023-02-17 09:24"
"elsa2005","设施：5.0","环境：5.0","服务：5.0","百货大楼怪不得外地人爱去，这里的北京特产特别全，品种多（比如义利，家附近店里好多品种都没有），见相片...","百货大楼怪不得外地人爱去，这里的北京特产特别全，品种多（比如义利，家附近店里好多品种都没有），见相片拍的部分特产。以前春节超市能买到的御食园、红螺等，今年跑了多家都没有，网上搜到了百货大楼有，终于买到了，生产日期新，不过要比超市价格翻了近一倍。","2023-02-17 05:28"
"花花花满楼","设施：4.5","环境：4.5","服务：4.5","","去王府井溜达路过的，很像上海的和平饭店，我就随手拍了。因为我觉得很好看，有民国的感觉。

王府井大街还是挺好逛的，有奢侈品，还有大的阿迪，也有平价商场，零零碎碎各种专卖店也都有。比西单那片可逛性强。","2023-02-17 00:43"
"haina_0220","设施：5.0","环境：5.0","服务：5.0","","王府井步行街的地标建筑，过年期间的布置还在，红红火火的很喜庆，B2有惊喜～","2023-02-16 18:04"
"点小评5035976498","设施：5.0","环境：4.5","服务：5.0","","本来想买日用品的，路过百货大楼。进来随便看看，导购小姐姐非常热情，讲解很详细。没想到箱子可以这么轻。果断拿下办理了会员。我买的就是橱窗这款啦","2023-02-16 15:53"
"星星就爱到处逛吃","设施：4.5","环境：4.5","服务：4.5","地下的这个还原老北京一些特色场景还是不错的。没想到这么多大，主要是去买kangol帽子的，听说做活动。但是...","地下的这个还原老北京一些特色场景还是不错的。没想到这么多大，主要是去买kangol帽子的，听说做活动。但是吃的选择不是很多。整体不如旁边新开的apm和王府中环的装修，是更传统百货大楼的感觉。停车还是比较古老的方式要服务台盖章出去给人工看满500最多免费3小时。","2023-02-15 22:44"
"坏嘚钛可嗳","设施：1.0","环境：0.5","服务：0.5","服务人员素质低下。一层问一个售货员去地下的电梯怎么走。竟然都不抬眼看就说你问别人吧。今时今日还有这种...","服务人员素质低下。一层问一个售货员去地下的电梯怎么走。竟然都不抬眼看就说你问别人吧。今时今日还有这种服务态度令人吃惊。同行人说可能以为你是外地人。我觉得对待外地游客更要彰显北京的待客热情。更何况是在北京王府井百货这种标志性的场所。建议贵店做好售货员的培训，不要给北京丢人。","2023-02-12 19:00"
"Ruby甜心","设施：5.0","环境：5.0","服务：5.0","🛕地点：
在王府井步行街中央位置的王府井百货大楼的地下B2（地铁🚇王府井站A口出步行800米）
环境设...","🛕地点：
在王府井步行街中央位置的王府井百货大楼的地下B2（地铁🚇王府井站A口出步行800米）
环境设施及其他：
中午在Apm吃了点饭，顺便过来遛食，发现的宝藏之地哈哈，仿佛时光倒流，代入感极强，绿皮火车🚞不倒翁娃娃🪆黑白电视📺收音机📻传统爆米花🍿️修鞋摊～～随处可见的儿时记忆（暴露年龄了哈哈）中午时间人不是很多，估计都吃饭去了，拍个照别有风趣。不需要门票哈","2023-02-11 13:21"
"sunny伊baby","设施：5.0","环境：5.0","服务：5.0","好久没来王府井逛街了，天气不好人也不多，王府井百货大楼是比较有年头的商城了，地下一层复古怀旧风格，展...","好久没来王府井逛街了，天气不好人也不多，王府井百货大楼是比较有年头的商城了，地下一层复古怀旧风格，展示了许多老北京的物件：三轮车，竹子的小推车，洗脸盆子，钟表，照片，白网鞋，绿皮火车，暖壶，还有小卖部，80后的我，满满的都是回忆","2023-02-10 19:59"
"平平无奇侯亮平","设施：3.5","环境：3.5","服务：3.5","外地游客来北京逛王府井，还是可以来看一看。毕竟作为第1个百货大楼，有它的历史文化意义。

现在来看装修...","外地游客来北京逛王府井，还是可以来看一看。毕竟作为第1个百货大楼，有它的历史文化意义。

现在来看装修和设施也都不错，并不算陈旧。入驻的品牌也就是常见的那些品牌。其实慢慢从人们日常生活中消退的不是百货大楼，而是逛街这种购物和休闲的方式。年轻人还爱逛商场吗？

负1层是美食城，附近上班的白领在这里解决午饭的问题。负2层有一个老北京特色的游玩区域，可以带孩子来玩一玩。","2023-02-10 16:09"
"繁星","设施：4.5","环境：4.5","服务：4.5","北京王府井百货大楼地下一层有一个能勾起老北京人回忆的所在，和平菓局，前几年刚开业时简直是人山人海，这...","北京王府井百货大楼地下一层有一个能勾起老北京人回忆的所在，和平菓局，前几年刚开业时简直是人山人海，这次疫情期间，我们在楼上约了饭顺便去逛一圈，真清静。
  里面是老北京的胡同文化，有合作社，小竹车，绿皮火车，总之滿满的都是回忆。","2023-02-07 23:03"
"我要好好的.北京","设施：4.0","环境：3.5","服务：3.5","新年的进门区域布置得红红火火很有设计感，但进去没有说明，跟其他顾客一样，满怀期待的想进去一试，然后灰...","新年的进门区域布置得红红火火很有设计感，但进去没有说明，跟其他顾客一样，满怀期待的想进去一试，然后灰溜溜出来了，木有充分利用，也或许是有成本考虑，所以起到吸引人的作用就不顾顾客的体验感了？
老楼翻新的商场整体的布局和招商还是欠缺的，让人提不起购物的兴趣。","2023-02-07 17:11"
"萌萌的橘子","设施：3.5","环境：4.0","服务：3.5","负二楼有一个什么老北京特色的街区，去的那时候在过年期间，居然下楼还要收门票，超级多人在那排队等着下楼...","负二楼有一个什么老北京特色的街区，去的那时候在过年期间，居然下楼还要收门票，超级多人在那排队等着下楼，还觉得挺可笑的一件事，还不是就卖点当地小吃跟义乌小商品市场批发过来的小玩具么。队伍真的长的离谱，居然还要收钱","2023-02-07 11:24"
"快乐","设施：5.0","环境：5.0","服务：5.0","过年期间要逛逛商店，就来到王府井百货大楼！春节期间的百货大楼真是焕然一新！浓浓的年味！各色各样的工艺...","过年期间要逛逛商店，就来到王府井百货大楼！春节期间的百货大楼真是焕然一新！浓浓的年味！各色各样的工艺兔子，由于带着孙女，所以只能到儿童可以玩的地方转转，小火车很吸引我们！带着孙女坐一圈，还是很高兴的！本来想到地下菓局看看！但人太多了。只能在店里转转就回来了！","2023-02-06 18:13"
"滴滴一哥","设施：5.0","环境：5.0","服务：5.0","","幾十年如一日，還能夠找到兒時來此的一些影子，三十多年沒進來過了，又熟悉又陌生，感嘆時光飛逝日月如梭⋯⋯歲月催人老哉！時間都去哪兒了","2023-02-06 15:02"
"郭郭","设施：4.0","环境：4.0","服务：4.0","逢年过节好像不上商场逛逛，都有点没有过年的氛围。
其实没什么可买的。真的是闲逛，无意中逛到了一家锅具...","逢年过节好像不上商场逛逛，都有点没有过年的氛围。
其实没什么可买的。真的是闲逛，无意中逛到了一家锅具店fissler，听了听讲解，看了看价格，决定入手。
可能正赶上过年，所以有一些活动。买了两口小锅。又研究了一下他家的电动炒菜锅，价格有一点小贵，所以还在考虑之中。","2023-02-06 11:11"
"龙大妹子","设施：4.5","环境：5.0","服务：1.5","","太逗了，北京生活四十年还没遇到过这种服务，一层那是安保吗？什么素质啊，好像自己有点儿权利不知道姓什么了，你们能不能用点儿有素质的人？现在找不到工作的人那么多。","2023-02-06 00:55"
"飘飘若尘","设施：3.5","环境：3.5","服务：3.5","","位于王府井，商品种类齐全，目前活动力度不高，购物的人气不是那么旺","2023-02-05 04:10"
"何适山庄","设施：5.0","环境：5.0","服务：5.0","这个百货大楼可是中国第一个百货大楼，就冲这个，也必须五星好评，虽然年代有些久远，但是人真多，种类也多...","这个百货大楼可是中国第一个百货大楼，就冲这个，也必须五星好评，虽然年代有些久远，但是人真多，种类也多，就在王府井大街中间，超级有牌面。
这个大楼超级大，分地上还有地下，地下有北京的老东西，去一趟特别超值。还会再来。","2023-02-03 17:52"
"璞玉","设施：4.5","环境：4.5","服务：4.5","北京市百货大楼在王府井步行街主街上，记忆中一直觉得应该叫“王府井百货大楼”可到门口一看大牌子上清清楚...","北京市百货大楼在王府井步行街主街上，记忆中一直觉得应该叫“王府井百货大楼”可到门口一看大牌子上清清楚楚的标注着是北京市百货大楼，是记忆混乱了还是后改名儿了

一层是珠宝首饰、化妆品、手表之类的，好像这是所有商场的定律。2～5层主要是服装鞋帽，6～7层是餐饮，8层是电影院，负2有个“和平菓局”感觉要是每一层都逛一圈儿估计得用半天时间。","2023-02-03 14:05"
"nxq","设施：5.0","环境：5.0","服务：5.0","老北京人，很久没有来这里了，北京市百货大楼，曾经是全国人民向往的地方，现代人叫“打卡地”，外地人来北...","老北京人，很久没有来这里了，北京市百货大楼，曾经是全国人民向往的地方，现代人叫“打卡地”，外地人来北京，必去百货大楼，北京人逛最好的商场，必去百货大楼，小的时候，我去百货大楼走路大约四五站地，玩似的就去……

时光荏苒，岁月如梭，转眼经过了无数的变革和发展，现代人已经无法想象走四五站路到达百货大楼是什么样的感受，恨不得一站地都要打个车……

虽然百货大楼门前坐落着张丙贵的塑像，有多少现代人了解他……

总之，今天的百货大楼比从前已经不可同日而语了，那种豪华的气派，那种富丽堂皇的装饰，那种现代化的设施以及现代人穿梭，都让人耳目一新……

今日办事到达此地，只是匆匆过客，没有顾得上停留，但是看到今日全新的百货大楼，也看到了疫情放开后，那欣欣向荣景象，也期待国家经济形势越来越好！","2023-02-03 12:04"
"一世琳","设施：4.5","环境：4.5","服务：4.0","春节大年初五，我们两口子来王府井逛逛，停车排队。主要想去和平菓局。前几年没有疫情的时候来过，逛完和平...","春节大年初五，我们两口子来王府井逛逛，停车排队。主要想去和平菓局。前几年没有疫情的时候来过，逛完和平菓局，就在王府井百货商场里逛逛，北京老字号和奢侈品各档次物品汇聚，满足各类人群需求。外地游客也挺多的，很有节日气氛","2023-02-02 12:30"
"谈笑有鸿儒","设施：4.5","环境：4.5","服务：4.5","不知什么原因，很喜欢来这家老店逛。虽然周围有王府中环和apm以及银泰…

每次逛都是收获满满。一楼的施丹...","不知什么原因，很喜欢来这家老店逛。虽然周围有王府中环和apm以及银泰…

每次逛都是收获满满。一楼的施丹兰，泡澡必去之地，服务态度也没的说。一楼的美妆品牌，也可以囫囵吞枣般地看看，选出所好，便可大摇大摆地桃之夭夭。

二楼三楼每一层总有惊喜等着我，过年期间，买了顶时尚而保暖的帽子，买了个100s的舒适床单被罩。流光溢彩，满载而归。","2023-02-02 08:51"
"轩风_007","设施：5.0","环境：5.0","服务：5.0","北京百货大楼位于中国最著名历史悠久的王府井步行街，一提到王府井人们先想到的是百货大楼，计划经济时期是...","北京百货大楼位于中国最著名历史悠久的王府井步行街，一提到王府井人们先想到的是百货大楼，计划经济时期是百姓购买大件小物的主要地方，售货员张秉贵一把抓，无论要多少只靠手抓，绝对准，现在百货大楼还设有张秉贵专柜，传承人都在继承延续着手艺。
改造后的百货大楼不仅有很多时尚大牌，还增加了特色餐饮。","2023-02-01 14:59"
"匿名用户","设施：3.5","环境：3.5","服务：3.5","过年的气氛仍旧在，很热闹喜庆。
就是B2层的和平果局搞个什么“伪庙会”，收费30元/人真是明着抢钱，上次去...","过年的气氛仍旧在，很热闹喜庆。
就是B2层的和平果局搞个什么“伪庙会”，收费30元/人真是明着抢钱，上次去是两三年前了，现在看看也就那么回事，拍个照而已。
还有就是商场停车场的电车充电桩停车位被一堆油车占着也没人管，充电桩就两个快充，太少了，慢充想充电除非晚上住这儿，慢的出奇……","2023-01-31 23:19"
"精灵鼠小弟84","设施：4.5","环境：4.5","服务：4.5","","抓住假期的小尾巴，带二宝来京城最大的哈姆雷斯玩具大楼，王府井百货大楼，孩儿们开心坏了，买了心爱的玩具童年的时光，无忧无虑，美好～","2023-01-30 20:14"
"selina薇薇","设施：3.0","环境：3.5","服务：3.5","过年期间居然收门票了呢，30，有表演，哈哈哈，我没有买，反正也进去了，还是那个景，不过今年很热闹，人不...","过年期间居然收门票了呢，30，有表演，哈哈哈，我没有买，反正也进去了，还是那个景，不过今年很热闹，人不多，也不挤，哈哈哈，过年的氛围很足，来了也不后悔，开开心心，希望今年红红火火，国泰民安，经济上行，安居乐业。","2023-01-30 12:44"
"81821727","设施：4.0","环境：4.0","服务：4.5","已经习惯了前两年北京过年人少，
今年烟火气终于回来了，旺旺旺！
大楼以前是过年大家买糖的地方，
现在也...","已经习惯了前两年北京过年人少，
今年烟火气终于回来了，旺旺旺！
大楼以前是过年大家买糖的地方，
现在也与时俱进，
各种舞狮啦，表演啦，都拉起来。
毕竟在网购流行的时代，
仅仅有东西可以买不吸引人了，
大家期待更多的情绪和文化消费。","2023-01-29 21:36"
"就不告诉你我是哈哈哈","设施：4.5","环境：4.5","服务：4.5","","挺有年代感的大楼，混搭现代 。","2023-01-29 21:02"
"呵呵小伟","设施：4.0","环境：4.5","服务：4.0","北京市百货大楼，很古老的存在。不过王府井这一片可能没有以前那么繁华了。
现在北京各个地方都有大的百货...","北京市百货大楼，很古老的存在。不过王府井这一片可能没有以前那么繁华了。
现在北京各个地方都有大的百货，百货大楼看起来没有那么重要了，不过对于王府井来说，这里还是地标性建筑，而且有很多有意思的活动，比如庙会等等，门口的音乐喷泉也特别有特色。","2023-01-29 08:24"
"么么虎_5811","设施：5.0","环境：5.0","服务：5.0","2023的春节格外热闹，大年初一的王府井人头涌动，街面上满满的喜庆气氛，百货大楼里的人更多，王府井百货大...","2023的春节格外热闹，大年初一的王府井人头涌动，街面上满满的喜庆气氛，百货大楼里的人更多，王府井百货大楼，地处于王府井大街，中华人民共和国成立后北京建造的第一座大型百货零售商店，被誉为""新中国第一店""。1955年9月开业，名为北京市百货公司王府井百货商店。1968年7月改为现名。是来北京的必逛景点之一。","2023-01-28 21:19"
"大姨大姨","设施：3.0","环境：4.0","服务：3.5","","大年三十来这边的和平菓局，在商场的地下二层，玩得很开心。","2023-01-28 01:24"
"墨逗","设施：5.0","环境：5.0","服务：5.0","","30元入场劵 （6张5元）进去满10元都可以用。
里面充满了小时候的回忆，充满了童年的美好。好玩的 好吃的 虽然不大 但细细的品味 满满的回忆","2023-01-27 23:21"
"sunny3856","设施：4.5","环境：4.5","服务：4.5","小时候经常来的百货大楼，许多年没有来过了，现在大变样了。不过玩具城什么都还在，一进门都是满满的回忆，...","小时候经常来的百货大楼，许多年没有来过了，现在大变样了。不过玩具城什么都还在，一进门都是满满的回忆，小时候一说逛街就是王府井，一到王府井必来百货大楼，进门玩具城逛逛玩玩没玩过的玩具。这个老店希望它一直开下去。这里充满了许多美好的回忆","2023-01-27 14:02"
"会飞的胖子","设施：5.0","环境：5.0","服务：5.0","过年期间的百货大楼可算是把北京过年气氛拉的满满的，来北京就给逛一次百货大楼老一辈的建筑气息，天黑时门...","过年期间的百货大楼可算是把北京过年气氛拉的满满的，来北京就给逛一次百货大楼老一辈的建筑气息，天黑时门口的红灯笼🏮亮起瞬时间年味变出来了
北馆主要是购物，南馆6层以上是餐饮，吃的地方挺少的，所以家家都在排队","2023-01-27 10:21"
"匿名用户","设施：5.0","环境：5.0","服务：5.0","","王府井百货的庙会排队人山人海哈哈热热闹闹过大年","2023-01-26 16:08"
"lydia的美梦","设施：5.0","环境：5.0","服务：5.0","#2023探索城市美好#Glad兔Meet You#
百货大楼，春节活动多多，恢复了往日活力，很有节日气氛！
门口打开的...","#2023探索城市美好#Glad兔Meet You#
百货大楼，春节活动多多，恢复了往日活力，很有节日气氛！
门口打开的红兔兔很适合小朋友来拍照，红红火火，热热闹闹。
和平果局很适合来遛娃，感受下老北京过年的氛围。","2023-01-26 10:52"
"爱吃兔子的萝卜","设施：5.0","环境：5.0","服务：5.0","北京市百货大楼——新中国第一店，楼顶五星红旗迎风飘扬，阳光明媚，张秉贵老师的半身铜像座落在百货大楼的...","北京市百货大楼——新中国第一店，楼顶五星红旗迎风飘扬，阳光明媚，张秉贵老师的半身铜像座落在百货大楼的门前，他和蔼可亲的注视着祖国日新月异的变化、繁荣昌盛！  大楼内温暖如春，顾客精心挑选自己喜欢的物品……  北京市百货大楼，来王府井旅游必须要打卡的","2023-01-26 09:17"
"贝利会成语","设施：4.0","环境：4.5","服务：4.0","","商场也慢慢恢复往日的人流了
大家一起买东西
逛街的越来越多了
商场整体都挺好的","2023-01-25 22:23"
"清凉雨","设施：5.0","环境：5.0","服务：5.0","","百货大楼现在恢复往日的繁荣，国泰民安，愿不再有疫情，经济稳定，国富民安。","2023-01-25 21:43"
"自由是一阵风","设施：4.0","环境：4.0","服务：4.0","","北京王府井大街的地标性建筑，也是好多游客的必打卡地之一

从地铁一号线王府井站出来就是，商场宽敞明亮，特别气派","2023-01-24 23:10"
"乌拉熊的梦想","设施：4.0","环境：4.0","服务：4.0","这可是北京最古老的百货商场，他家的年头可长了。在王府井商业街里面，也是最红火的存在，现在还新开了一个...","这可是北京最古老的百货商场，他家的年头可长了。在王府井商业街里面，也是最红火的存在，现在还新开了一个楼，楼里面有现金特别火的和平果局，等购物场所深得顾客们的喜欢，人山人海，好热闹啊，特别是最近放假来这里游玩的人特别多。","2023-01-24 12:50"
"zisetongnian","设施：4.0","环境：4.0","服务：4.0","","春节和朋友来逛百货大楼，里面的顾客真的很多，一片过年的喜庆氛围！","2023-01-24 10:04"
"ly99_bj","设施：4.5","环境：4.5","服务：4.5","不要误会哦，这还是刚开放时候拍的，现在人可多了，大家高高兴兴去购物，置办年货。虽然仍然戴着口罩，但是...","不要误会哦，这还是刚开放时候拍的，现在人可多了，大家高高兴兴去购物，置办年货。虽然仍然戴着口罩，但是心情绝对不一样了。百货大楼是咱老百姓的家，布置的很有年味，服务特别好，经常会看到领导巡视，新的一年，有这么好的面貌，很值得点赞。","2023-01-24 09:10"
"谦逊潜藏","设施：4.5","环境：4.5","服务：4.5","好多年没有来过百货大楼了，记得九十年代经常来，后来满北京城开业商业购物中心，加之王府井越来越旅游化，...","好多年没有来过百货大楼了，记得九十年代经常来，后来满北京城开业商业购物中心，加之王府井越来越旅游化，就没再来过！
大年初一来王府井大街，顺便进来看看，发现变化真的很大，已经由原来的传统思维转变为和时尚接轨！
我印象中好像之前没有北楼，现在还有一个巨大的北楼！
楼内引入了哈姆雷斯，很温暖，很让小朋友高兴！","2023-01-23 16:41"
"XINXINDEE","设施：4.5","环境：4.5","服务：4.5","","#2023探索城市美好#和#Glad兔Meet You#

快来打卡～","2023-01-23 12:34"
"yogadragon","设施：3.5","环境：4.5","服务：4.5","","外立面非常漂亮的一座百货大楼，忍不住进去看了一下。
里面的商铺就是大部分商场都有的店铺，顶楼有影院和密室等，中规中矩的店铺。","2023-01-23 07:50"
"黄思思99","设施：4.5","环境：4.5","服务：4.5","大楼一层周大福今年出的兔子元素饰品都好好看啊，买到停不下来的感觉百货大楼这家店的服务很到位，耐...","大楼一层周大福今年出的兔子元素饰品都好好看啊，买到停不下来的感觉百货大楼这家店的服务很到位，耐心又细致，买了有钱兔的项链忽然看到这个兔耳朵的戒指，超喜欢，试戴后就决定买了，小姐姐主动帮我看了大小，说还有一个小号的更适合我，给我拿出来试，果然更合适。","2023-01-22 20:17"
"匿名用户","设施：4.0","环境：4.0","服务：4.0","王府井百货大楼很多外地游客必须要打卡的地方，必须要推荐一下，因为这里的商家很多，也是一个老牌的百货大...","王府井百货大楼很多外地游客必须要打卡的地方，必须要推荐一下，因为这里的商家很多，也是一个老牌的百货大楼，小时候就被父母带着我们逛，现在也喜欢逛街。。

喜欢来这里逛街，而且还有不少店铺都有打折活动。我之前来这里逛街，还有地下一层的和平菓局，也是一个北京文化的地方，免费拍照打卡，感受北京氛围","2023-01-21 16:08"
"娜娜朵_2103","设施：5.0","环境：5.0","服务：5.0","","#2023探索城市美好#和Glad 兔Meet you #
兔子可爱，装饰喜庆，开门见喜，前兔无限，新春快乐！福气满满！","2023-01-21 10:09"
"匿名用户","设施：4.5","环境：4.5","服务：0.5","","想去地下和平菓局吃白毛煎饼，结果搞了个什么过年游园庙会，不管你看不看庙会表演，还是只是下楼买吃的，都要花30的门票。买票的大爷还来一句，想吃煎饼路边就有，来这干嘛。
也算北京有名的老商场，的吃相真难看","2023-01-20 17:07"
"德玛西亚","设施：5.0","环境：5.0","服务：5.0","今年过年在北京过年，一定要逛一逛庙会。逛庙会还是要在室内逛一逛。哈哈找了一圈我感觉还是王府井这家地下...","今年过年在北京过年，一定要逛一逛庙会。逛庙会还是要在室内逛一逛。哈哈找了一圈我感觉还是王府井这家地下广场最适合逛逛了。各种老北京小吃，应有尽有，老北京爆肚，老北京糖葫芦，老北京灌肠很全面的美事，还有各种小零食。这个地下庙会有种七八十年代的感觉，因为装修风格都是童年回忆，老式的绿皮火车，录像厅，照相馆满满的怀旧风格。每天还都有表演，杂技表演，舞龙狮表演，魔术表演，气功表演，气功表演真是值得看，毕竟已经快失传的真功夫","2023-01-20 14:22"
"愚明侠","设施：5.0","环境：5.0","服务：5.0","北京百货大楼是建国十周年的十大建筑之一，与人民大会堂、历史博物馆、北京火车站、农展馆、北京展览馆等十...","北京百货大楼是建国十周年的十大建筑之一，与人民大会堂、历史博物馆、北京火车站、农展馆、北京展览馆等十个建筑齐名，经历六十多年的岁月，大楼也发生巨大变化，造就张秉贵这样的全国劳模，现在门前矗立了张秉贵的半身塑像，让一团火的精神世代相传。
       购物环境也发生巨大变化，电梯和空调等现代化设施齐全，商品更是琳琅满目，购物、休闲、就餐、娱乐等应有尽有。","2023-01-19 23:54"
"1213YJ","设施：3.5","环境：4.0","服务：3.5","过年啦，过年啦，来王府井来逛一逛！
原来小时候老觉得王府井步行街就是家里来外地亲戚才会来的地儿，现在...","过年啦，过年啦，来王府井来逛一逛！
原来小时候老觉得王府井步行街就是家里来外地亲戚才会来的地儿，现在大不一样！位于市中心，地铁公交都比较便利，而且现在人还比较少，其实逛起来还挺得心应手的。
老北京百货大楼，你只要走在步行街上，看见门口有张秉贵的肖像，就对了！他们家方方正正挺大的，聚集了餐饮、美妆、服饰等众多品牌，虽然是传统的大楼，其实逛起来新颖的地方也是挺多的，再说了，这附近亮亮堂堂的逛起来多舒服。","2023-01-19 20:33"
"漪阿神","设施：5.0","环境：5.0","服务：4.0","1.腊月二十八，地下停车场必须满满的，排队二十分钟，还好。
2.人跟疫情前比较，那真是天差地别了。但终究...","1.腊月二十八，地下停车场必须满满的，排队二十分钟，还好。
2.人跟疫情前比较，那真是天差地别了。但终究还是客人比服务员多些。
3.分为南区和北区。
4.奔着和平菓局来的，标识不清楚，绕来绕去的，最后还是靠问服务员。
5设施还是可以，没有了过去那种百年老字号的感觉了。","2023-01-19 17:07"
"树林随缘","设施：4.0","环境：4.0","服务：4.0","跟朋友来王府井来玩，来逛百货大楼。分为南楼最高六层，北楼最高九层，六、七层有吃的，八层有电影院，九层...","跟朋友来王府井来玩，来逛百货大楼。分为南楼最高六层，北楼最高九层，六、七层有吃的，八层有电影院，九层有密室逃脱，真是吃喝玩乐应有尽有。
直梯非常方便，有直达五六层的，还有直达八九层的。
真是个好地方。过年前的晚上，步行街上的彩灯非常漂亮。
路过东方广场前面台阶上的灯好看。","2023-01-19 07:08"
"放羊的星星乖乖","设施：4.5","环境：4.5","服务：4.5","今天下班时候去王府井百货大楼逛了逛，想买一双鞋和一件羽绒服，没有看上的羽绒服，就买了一双靴子。百丽的...","今天下班时候去王府井百货大楼逛了逛，想买一双鞋和一件羽绒服，没有看上的羽绒服，就买了一双靴子。百丽的靴子穿起来很舒服，靴筒也不那么紧，靴子底部很软很舒服，才七百多，今年靴子真的很便宜。是我鞋柜里最便宜的一双皮靴了。很开心。过年战靴。","2023-01-18 21:09"
"新街口面朝北","设施：4.0","环境：4.0","服务：4.0","春节将至又加上疫情解封，周末出来逛街的人越来越多，作为老商场的代表 王府井百货与时俱进，改头换面，积...","春节将至又加上疫情解封，周末出来逛街的人越来越多，作为老商场的代表 王府井百货与时俱进，改头换面，积极引进潮流元素，升级商业模式，增加了如和平菓局这样以怀旧主题场景为主的网红拍照地，成为商场乃至整个王府井商业街必来之打卡地。百货大楼的商品定位属于中高端消费，产品种类多样，楼上人流量不算很大，不同于现在新生综合体商场格局，环境属于中规中矩的风格。","2023-01-17 21:54"
"老韩6688","设施：5.0","环境：5.0","服务：5.0","这里是王府井地区历史最悠久的商场了，可以说是从小逛到大的商场，最近商场有一些线下活动，可以互动得到大...","这里是王府井地区历史最悠久的商场了，可以说是从小逛到大的商场，最近商场有一些线下活动，可以互动得到大白兔奶糖，真的可以来逛逛，一层是美妆区，顺着电梯往上走，有一些服饰品牌，底下还有老北京韵味的商业区，可以逛一逛，瞬间回到小时候","2023-01-17 15:26"
"爱吃的女孩运气不会差","设施：5.0","环境：5.0","服务：5.0","最具有代表意义的实体店，也是小时候最骄傲的能来这里购物的地方，现在改扩建的更具有现代气息，但是门前还...","最具有代表意义的实体店，也是小时候最骄傲的能来这里购物的地方，现在改扩建的更具有现代气息，但是门前还是保留了原来一直都有的铜像。内部设施还有商品更具有时尚潮流的风格，我是为了给父母买衣服还是选择来这里了，真是好久没有这么踏实认真的逛商场了，商品玲琅满目，节日气氛也很浓厚，人不是很多，导购小姐姐非常热情，她会按你的要求帮你选择衣服，跑前跑后的帮你挑选，我是买了两件羊绒衫，颜色和款式，爸爸妈妈都非常喜欢。还是在这里购物踏实父母也喜欢！","2023-01-13 23:54"
"顺其自然","设施：5.0","环境：5.0","服务：4.5","得有几年没有来王府井百货大楼？
来看看茅台酒，这里的货也不全，还没有skip选择的余地多。也是要在一个平...","得有几年没有来王府井百货大楼？
来看看茅台酒，这里的货也不全，还没有skip选择的余地多。也是要在一个平台上。抢，而且要三个月消费两笔才可以。参加抢购的资格抢得到，抢不到还不一定，门槛儿挺高。酒的品种真的不多，可选择的余地也几乎没有。算了吧","2023-01-12 19:13"
"在乎才痛","设施：5.0","环境：5.0","服务：5.0","王府井百货大楼，已有两、三个月没来了，临近春节，须給家人，朋友准备些物品，每每这个时候，老太婆的首选...","王府井百货大楼，已有两、三个月没来了，临近春节，须給家人，朋友准备些物品，每每这个时候，老太婆的首选就是王府井的百货大楼，只因这几十年在这里购物的惯性，以及一直以来的信任。
首层的化妆品一定不能错过，地下室的民宿捎些回去，再到五层买部中档次的三星手机给先生换个心情，而我，最喜欢的还是各色家庭美物、小品。
楼上楼下，细细搜淘，哄乐了自己，累傻子皮囊……。
那就下次再来此处寻几许开心呗。
因为信任，所以忠诚，购得踏实，分享美好给诸君。","2023-01-12 15:27"
"瓷娃娃2333","设施：5.0","环境：5.0","服务：5.0","以前人来人往，热闹的王府井，因为疫情，毒株的原因，显得格外的冷清，
百货大楼里，以前每处都会有购物的...","以前人来人往，热闹的王府井，因为疫情，毒株的原因，显得格外的冷清，
百货大楼里，以前每处都会有购物的人群，现在也是除了工作人员，基本看不到昔日的繁荣景象，
接到各路柜姐们发的，短信和微信，一路把各家的赠品都领回来吧
同时也感谢她们，热情的服务，疫情之下，还想着消费者！","2023-01-11 18:55"
"霍小萌Nafisa","设施：4.5","环境：4.5","服务：4.5","12月和1月的王府井，形成了鲜明对比

作为北京老牌商场，也是北京旅行游客必逛的街区，还有奥运特许纪念品...","12月和1月的王府井，形成了鲜明对比

作为北京老牌商场，也是北京旅行游客必逛的街区，还有奥运特许纪念品，环境布置略显老旧，但是远远看去钟楼还是很显眼很好拍
之前曾经冷清过，看到现在热闹的场景，忙碌拥挤的城市生活又回来了，真好~

B2-F5 品牌专柜、零售
F6-F7 餐饮
F8 横店电影城
F9 密室逃脱
B3-B4 地下停车场

2023年第2⃣️篇评价，送给王府井百货大楼","2023-01-09 17:01"
"隔壁老王","设施：4.5","环境：4.5","服务：4.5","","北京今天气温反常，都三九啦，预报出来今天有11度，趁这样一个好天儿跑到王府井百货大楼转转，买不买看心情，但是这个商场逛的是情怀！现在的百货大楼分为南北两个区域，一半是复古一半是时尚，感觉逛的有点穿越！","2023-01-07 23:22"
"orange","设施：5.0","环境：5.0","服务：5.0","#Glad兔Meet You

百货大楼新年新气象，快来打卡吧！迎接美好时光，祝大家新年快乐万事如意！

百货大楼东...","#Glad兔Meet You

百货大楼新年新气象，快来打卡吧！迎接美好时光，祝大家新年快乐万事如意！

百货大楼东西很齐全，一层有化妆品，黄金饰品。另一边有哈姆雷斯大型玩具店，二到五层男装女装一应俱全。中间穿插着水吧之类的店。六七层是餐厅。负一负二有些特产还有和平果局。买东西很方便的商场🏬","2023-01-07 10:20"
"RACHELLAU","设施：5.0","环境：5.0","服务：5.0","","#2023探索城市美好#和#glad兔meet you#","2023-01-07 11:45"
"九月","设施：5.0","环境：5.0","服务：5.0","","遇见美好，遇见兔兔🐰遇见美好的大白兔，小伙伴们，一起来参加#2023套索城市美好#Glad兔Meet You","2023-01-07 10:26"
"dingding","设施：5.0","环境：5.0","服务：5.0","","来王府井一起过新年吧！#2023探索城市美好#和王府井一起过新年#Glad兔meet you兔年来啦，一起迎接美好时光！🐷大家新年快乐","2023-01-07 10:26"
"吃喝玩乐的佛系Coco","设施：4.5","环境：5.0","服务：4.5","原来王府井的百货大楼有这么多年历史了，还了解了新的人物新的发展史。
本来是想去负二楼的老北京城的，去...","原来王府井的百货大楼有这么多年历史了，还了解了新的人物新的发展史。
本来是想去负二楼的老北京城的，去的时候关门了，就逛到了这个展览馆，其实北京好多地方都有很多有趣的历史故事，只是现在人的急躁去哪都只看个表面，感觉没什么趣味性，如果能深入了解历史和发现，感受会大不同。","2023-01-07 10:07"
"天空卡路里","设施：4.5","环境：4.5","服务：4.0","王府井百货大楼可以说是咱北京人家喻户晓的老牌儿商场了，最近几年百货大楼也是不断的升级改造改革，努力跟...","王府井百货大楼可以说是咱北京人家喻户晓的老牌儿商场了，最近几年百货大楼也是不断的升级改造改革，努力跟上时代的潮流而不停的在奋斗，可以看出来目前的商场环境还是很不错的，入住的品牌也挺多的，楼上还有餐厅等等，很方便了。","2023-01-06 21:18"
"自在行","设施：4.0","环境：4.0","服务：4.0","儿时最喜欢去的商场。后来就很少去了。本地的人去的很少，一般都是外地的游客。
这次去是捎带手看看。没想...","儿时最喜欢去的商场。后来就很少去了。本地的人去的很少，一般都是外地的游客。
这次去是捎带手看看。没想到发现了一家文创店挺有意思的。里面都是兔子元素。今年正好兔年。想买了礼物送人。看到还有盖章的活动。不过必须买相应的盲盒与徽章好像。我选了一个盲盒徽章是拒绝焦虑挺应景的。","2023-01-04 12:03"
"七月的夏天","设施：3.5","环境：3.5","服务：3.5","雪伦羽绒服。
防风设计，保暖效果更好。全是90鸭绒填充，超品价格超赞喔~~必抢‼90含绒量羽绒服，大朵蓬松，...","雪伦羽绒服。
防风设计，保暖效果更好。全是90鸭绒填充，超品价格超赞喔~~必抢‼90含绒量羽绒服，大朵蓬松，保暖不臃肿，羽绒服，前卫款式，又暖又有型，一扫冬日沉闷！
过年穿搭，时髦保暖两不误的羽绒服，款式都很好看，平常也可以挑选一些颜色比较百搭的，都是90%的鸭绒填充，用料杠杠的","2023-01-02 16:40"
"王小闲闲着也是闲着的闲","设施：5.0","环境：5.0","服务：5.0","元旦打卡王府井百货，满满的兔年新春气息。
无意之中发现B2有个和平果局，都是些老物件老把式，每个都是经...","元旦打卡王府井百货，满满的兔年新春气息。
无意之中发现B2有个和平果局，都是些老物件老把式，每个都是经典之作，记载着岁月的更替。
王府井大街上灯光璀璨，人来人往，又恢复了烟火气。
祝愿新的一年阳没兔气，一切都好！","2023-01-02 09:18"
"睡鼠阿蕾","设施：5.0","环境：5.0","服务：5.0","","这两年的百货大楼也太时髦了吧！
尤其喜欢儿童玩具商品部，各类玩具款式新颖品质好","2023-01-01 21:36"
"贪吃小肥兔","设施：5.0","环境：5.0","服务：5.0","打卡王府井百货大楼地下二层
好久没进过王府井百货大楼里了，据说下面的和平菓局成了网红打卡地，特地来拔...","打卡王府井百货大楼地下二层
好久没进过王府井百货大楼里了，据说下面的和平菓局成了网红打卡地，特地来拔草
整个地下二层都是按照小时候的生活情景一比一还原的，看起来特别真实，走在胡同里，一下子回到小时候的感觉，商店、书店、美发厅、厕所等等，路过的话可以进来感受一下","2023-01-01 18:20"
"今天没吃锅包肉","设施：4.5","环境：4.5","服务：4.5","去了一趟王府井大街办事，虽然疫情仍未结束，但王府井大街上人也不少，甚至看到了很多不戴口罩的年轻人。看...","去了一趟王府井大街办事，虽然疫情仍未结束，但王府井大街上人也不少，甚至看到了很多不戴口罩的年轻人。看来大家都放松了。百货大楼是同年的记忆，现在从新翻修了，面积扩大了不少，里面的布局也合理了很多，服务员态度不错","2023-01-01 16:10"
"点小评1943679532","设施：5.0","环境：5.0","服务：5.0","","#2023探索城市美好#GLAD兔MEET YOU#","2022-12-31 16:27"
"匿名用户","设施：4.5","环境：4.5","服务：4.5","北京百货大楼从我小时候就有了，那是北京人儿时的记忆，尤其和张秉贵师傅买过糖的人更是有着深刻的记忆。小...","北京百货大楼从我小时候就有了，那是北京人儿时的记忆，尤其和张秉贵师傅买过糖的人更是有着深刻的记忆。小时候的百货大楼很规整，每层的布置都很有规律，而且还经常会出现抢购商品的情况。好多人围着柜台抢衬衫……都已成为记忆。","2022-12-30 20:32"
"一只大羊","设施：4.5","环境：4.0","服务：4.0","这里是全国人的王府井百货-王府井大街的旗舰店。
整场分南馆北馆，面积不小，品牌很丰富，很多品牌比如同仁...","这里是全国人的王府井百货-王府井大街的旗舰店。
整场分南馆北馆，面积不小，品牌很丰富，很多品牌比如同仁堂都是旗舰店，还保留了早些年的一些特色比如张秉贵柜台，另外也结合最新的时代发展做了老北京场景打造的和平菓局，有些人在这里打卡拍照。
受疫情影响，商场的确营业员比顾客不多，毕竟王府井很大一部分是外地游客。","2022-12-28 11:59"
"胡图图","设施：5.0","环境：5.0","服务：5.0","北京百货大楼位于王府井步行街西侧，对面是东安市场，南侧是王府中环购物中心，北侧是穆斯林大厦、外文书店...","北京百货大楼位于王府井步行街西侧，对面是东安市场，南侧是王府中环购物中心，北侧是穆斯林大厦、外文书店。
北京百货大楼是五十年代北京老牌的购物中心。
世界上奢侈品牌、大牌YvesSaintlaurent、Dior、Chanel、Estee Lauder纷纷入驻。
北京百货大楼南区是一期，1955年建成，有五层。北区有地面九层地下二层，1999年建成对外营业。
地下二层的老北京风情一条街“菓局”曾轰动北京，因疫情现在停业。","2022-12-23 21:03"
"匿名用户","设施：4.5","环境：3.5","服务：5.0","昔日逛街宝地，如今难得一去，对这个购物大厦没有太多眷恋怀旧的情感。
附近没有人类聚集地，糊弄外地人还...","昔日逛街宝地，如今难得一去，对这个购物大厦没有太多眷恋怀旧的情感。
附近没有人类聚集地，糊弄外地人还行，以前买春节前的糖果，张秉贵是不是就是这里的？
没有假货的一个商场，可惜了这个地界，想高档又高档不起来。","2022-12-21 10:51"
"陌影","设施：4.5","环境：4.5","服务：4.5","一个非常有人气的大街 一些传承着时代变迁的地方 王府井永远不缺人气 …… 黄金永远不会觉得少 不管是佩戴...","一个非常有人气的大街 一些传承着时代变迁的地方 王府井永远不缺人气 …… 黄金永远不会觉得少 不管是佩戴还是送人都是一个很好的选择 尤其是选择周大福……毕竟经常会出一些合作款 因为媳妇喜欢此款 …… 打车过来直接拿下 黄金怎么说呢 选择周大福还是不错的选择！希望以后款式更加新颖！","2022-12-20 21:16"
"one","设施：5.0","环境：5.0","服务：5.0","节日期间过去逛街，本来说去里边的地下一层逛逛，有个80 90的复古街，结果进去时候发现封了，没能逛成功。...","节日期间过去逛街，本来说去里边的地下一层逛逛，有个80 90的复古街，结果进去时候发现封了，没能逛成功。不过去香奈儿家看了看香水，在楼里边逛了逛，里边东西还挺多的，而且也在卖冰墩墩的周边，可以去看一看。","2022-12-17 11:48"
"歹徒劫美食","设施：5.0","环境：5.0","服务：5.0","八号线地铁站终于贯通了王府井，太多年了，真心不容易与一号线相同，方便了很多。搬家后很少回王府井了，但...","八号线地铁站终于贯通了王府井，太多年了，真心不容易与一号线相同，方便了很多。搬家后很少回王府井了，但还有一份情怀，那份情怀无论如何都是割舍不掉的。即便很本地人都不来这里，尽管很多外地人必须来这里，不仅仅因为是中国第一百货大楼，更主要距天安门和故宫近，当然还有大名鼎鼎的全聚德烤鸭。","2022-12-14 21:01"
"孟子同学","设施：4.5","环境：4.5","服务：4.5","很久没有逛王府井百货商场了，因为这家商场之前人气
很旺，王府井百货大楼在以前可以说是地标性的购物商场...","很久没有逛王府井百货商场了，因为这家商场之前人气
很旺，王府井百货大楼在以前可以说是地标性的购物商场，附
近的大型商场没有几个，这里自然很受顾客们的喜欢，
逛王府井的首选就是这个百货大楼，里面的商品也是物
美价廉，府井百货77周年了吧～～有不少好玩的东西，还有时间纪念馆、挺不错的，会继续支持北京的老商场了，逢年过节都非常火的地方。这里是老商场还是那样的干净明亮，
几倍了。品牌也是越来越多，到处都是琳琅满目的商
品。工作服务也是很到位！","2022-12-13 13:02"
"王梁","设施：5.0","环境：5.0","服务：5.0","北京市百货大楼，位于北京市王府井步行街，进门扫码。大楼是北京商业战线的老兵，生命力旺盛，是王府井的商...","北京市百货大楼，位于北京市王府井步行街，进门扫码。大楼是北京商业战线的老兵，生命力旺盛，是王府井的商业标志，今天去苹果店，看到大楼顶欧米茄大钟，就拍了。因为是工作时间，人不多。明天是疫情解封后的第一个周末。","2022-12-09
  更新于2022-12-12 03:05"
"匿名用户","设施：3.5","环境：4.0","服务：4.0","很久没有逛王府井百货商场了，因为这家商场之前人气很旺，还有店庆做活动力度很大。

王府井百货大楼在以前...","很久没有逛王府井百货商场了，因为这家商场之前人气很旺，还有店庆做活动力度很大。

王府井百货大楼在以前可以说是地标性的购物商场，附近的大型商场没有几个，这里自然很受顾客们的喜欢，逛王府井的首选就是这个百货大楼，里面的商品也是物美价廉。

近几年又在地下推出了一个回忆老北京情景的免费打卡地方，人气还不错。","2022-12-09 21:04"
"小猴恰饭啦","设施：4.5","环境：4.5","服务：4.5","上个月听说百货因为😷问题关了几天，正好逛街在附近，看到百货大楼已经重新营业了，看来各种应对措施都很...","上个月听说百货因为😷问题关了几天，正好逛街在附近，看到百货大楼已经重新营业了，看来各种应对措施都很及时了，顺便进去逛了一圈，一层化妆品大牌子很多，哈姆雷斯还是那么好玩，人很少，不逢年过节百货大楼也没什么促销活动","2022-12-05 20:50"
"CHANEL","设施：5.0","环境：5.0","服务：5.0","疫情的关系王府井北京百货大楼提前到17：00关门还没去地下三层的和平菓局就被轰出来了
Chanel...","疫情的关系王府井北京百货大楼提前到17：00关门还没去地下三层的和平菓局就被轰出来了
Chanel、Dior、谢瑞麟珠宝、ERDOS、LEGO、OMEGA、ROLEX等一层，都是国际奢侈品牌、大品牌。百货大楼一抓准張秉贵纪念馆也在一层。
服装、鞋帽、手机、家用电器等在二、三、四、五层。六、七层是餐饮。影城在八层。","2022-12-03 22:54"
"CoCo","设施：5.0","环境：5.0","服务：5.0","几乎没有人的王府井大街……少了往日的人来人往、熙熙攘攘，有些冷冷清清，很少能拍到这样的景象！真希望疫...","几乎没有人的王府井大街……少了往日的人来人往、熙熙攘攘，有些冷冷清清，很少能拍到这样的景象！真希望疫情赶紧过去，快快回到之前的繁荣景象…现在想来，吃饭需要等位、买单需要排队、停车需要等空位的日子很美好啊","2022-11-30 15:31"
"wfj220","设施：5.0","环境：5.0","服务：5.0","","去了老街，里面还是挺有意思的。可以去逛逛。","2022-11-29 21:26"
"嘟嘟嘟嘟嘟","设施：4.5","环境：5.0","服务：4.5","","王府井百货77周年了吧~~真是一代人的记忆，有不少好玩的东西，还有时间纪念馆、印章什么的，真是必须去打卡，挺不错的，会继续支持","2022-11-26 13:07"
"不灰木木","设施：4.0","环境：4.0","服务：4.0","","中招不止一次了，自从前几天出事，到现在餐饮还没开","2022-11-18 12:49"
"筱筱9106","设施：5.0","环境：5.0","服务：5.0","座落于王府井大街255号的北京市百货大楼，是我从小到大最爱去的商场，没有之一！这儿有儿时太多的记忆…
今...","座落于王府井大街255号的北京市百货大楼，是我从小到大最爱去的商场，没有之一！这儿有儿时太多的记忆…
今年是百货大楼建店67周年，百货大楼推出了一系列活动，其中有一项互动抽奖获百货大楼67周年限量版明信片－套（6张），参加活动后，百货大楼把幸运给了我，非常开心！因为疫情，无法去北京领奖，主办方又给我快递到家，感动！由衷的感谢北京百货大楼及各位编辑！@北京市百货大楼","2022-11-15 16:01"
"鬼魅魍魉_6887","设施：4.0","环境：4.0","服务：4.0","北京的老商场了，逢年过节都非常火的地方。这里是老北京人的情怀。商场还是那样的干净明亮，比以前大好几倍...","北京的老商场了，逢年过节都非常火的地方。这里是老北京人的情怀。商场还是那样的干净明亮，比以前大好几倍了。品牌也是越来越多，到处都是琳琅满目的商品。工作服务也是很到位，网红打卡地“和平果局”就在这里。欢迎大家都来逛逛！","2022-11-08 15:55"
"2099","设施：4.5","环境：4.5","服务：4.5","新中国第一家百货商店，分南楼和北楼。南楼有哈姆雷斯，里面的小游乐园是王府井唯一的一个小游乐园。
跟其...","新中国第一家百货商店，分南楼和北楼。南楼有哈姆雷斯，里面的小游乐园是王府井唯一的一个小游乐园。
跟其他商场差不多，地下一楼有超市，地下二楼是个特色，完美重现了七八十年代的老物件老场景。
西门出来就是南京大饭店，东安门大街","2022-11-06 13:47"
"萝卜丝糖","设施：4.0","环境：4.5","服务：4.5","2022 No.97
最近天气逐渐变冷了该置办冬季的衣服了，来到北京百货大楼逛逛，羊绒衣服品牌众多，一进商场就...","2022 No.97
最近天气逐渐变冷了该置办冬季的衣服了，来到北京百货大楼逛逛，羊绒衣服品牌众多，一进商场就看到了鄂尔多斯专柜，环境宽敞舒适店员介绍都是当季新品，从羊绒衫、羊绒裤、羊绒外套、羊绒围巾帽子等应有尽有。双十一活动满1800可以减300。","2022-11-04 13:16"
"匿名用户","设施：5.0","环境：5.0","服务：5.0","十一来的，人不多。由于口罩😷原因整个王府井的人都少了很多。商场里的人就更少了。这次来逛主要是带孩子...","十一来的，人不多。由于口罩😷原因整个王府井的人都少了很多。商场里的人就更少了。这次来逛主要是带孩子去地下和平果局看看，让他看看我们小时候的物件还有样子。这里有很多怀旧的东西，零食。孩子看见也是觉得新鲜好玩，","2022-11-02 17:15"
"啊喔呃咿唔吁略略略","设施：3.5","环境：3.5","服务：3.5","","百货大楼有两个们 去的萃华楼从后面进绕来绕去到的
一层有好多玩具小朋友会很喜欢","2022-10-23 14:36"
"丽丽_6839","设施：5.0","环境：5.0","服务：5.0","","好久没去了，今天是找个朋友，顺便逛了一圈女装，牌子还是那些牌子，但位置都变了，店面比以前都大好多！","2022-10-18 17:34"
"芝士","设施：4.0","环境：4.0","服务：4.0","","搞了一波专柜试色^
如果可以上嘴巴试就更好了","2022-10-17 21:32"
"小狮子","设施：3.5","环境：3.5","服务：3.5","","这次来逛商场，感觉没有以前的布局好，品牌中一些老字号也少了","2022-10-15 18:54"
"candy1127","设施：3.0","环境：2.0","服务：3.0","想当年位于王府井的百货大楼，那可是著名的商场，不是随便一家店可以比拟的！
现在在互联网流...","想当年位于王府井的百货大楼，那可是著名的商场，不是随便一家店可以比拟的！
现在在互联网流行的当下，人们逛大型商场都逐渐少了起来，更别提步行街上的这家国营老店了。感觉店里客人特别的稀少，加上活动力度也不大，周围来的也不是主要冲着购买力的。楼上有一个电影院，也是挺老牌的了，也不翻新，效果也一般般。吃饭可选的余地也少，现有的商家质量一般，也缺乏管理。
如果是在附近的话，可能都去对面的APM了，这里没有竞争力啊！
夜晚的步行街，灯光照的效果，还是不错的。可以来逛逛！","2022-10-13 22:32"
"匿名用户","设施：3.0","环境：3.0","服务：4.0","冲着情怀去的，北京百货大楼历史悠久，对于北京人来说是有份情感在的，实话说服务比较热情，延续了张秉贵精...","冲着情怀去的，北京百货大楼历史悠久，对于北京人来说是有份情感在的，实话说服务比较热情，延续了张秉贵精神，防疫到位，近些年经过升级改造，入驻不少时尚品牌，购物环境也大幅提升，但是！满大楼黄牛怎么回事！一路跟着你，还恬不知耻要你把购物积分给他！也没人管！工作人员看起来都习以为常！现在北京各大商场基本都看不到黄牛了，即使有也有安保人员过来制止，这倒好非常嚣张！我想问问百货大楼也算北京的经典百货吧，位于北京市中心，安全级别应该更高，别让一颗老鼠屎坏了一锅汤！别的高档百货都能在品牌柜台结账不用去收银台排队，这样不更人性化吗，黄牛也会没什么用武之地，管理层不应该好好反省嘛！购物体验非常差！下次就直接打12345投诉！","2022-10-13 08:37"
"红莲_713","设施：5.0","环境：5.0","服务：5.0","在国庆节的尾声计划王府井大街一日游，总说逛王府井的都是外地游客，所以得有几年没来逛街了！今天百货大楼...","在国庆节的尾声计划王府井大街一日游，总说逛王府井的都是外地游客，所以得有几年没来逛街了！今天百货大楼，东安市场，中环广场挨个进，哈哈！要说最亲切的还是百货大楼！面积扩大成了两个馆，化妆品，女装，男装都各占一个楼层。六楼美食街累了直接吃饭。很方便！","2022-10-09 15:55"
"往事如云","设施：4.0","环境：5.0","服务：4.0","","北京百货大楼是多年的老店，北馆比较新，提升后，好多不错的知名品牌在这里落户，使得多年的老店焕发新的光彩。","2022-10-04 05:01"
"匿名用户","设施：5.0","环境：5.0","服务：5.0","王府井百货大楼就在王府井大街上，设备较为陈旧，没有旁边的apm这么现代，不过商铺的种类蛮多的，总共有六...","王府井百货大楼就在王府井大街上，设备较为陈旧，没有旁边的apm这么现代，不过商铺的种类蛮多的，总共有六七层，底下一层还有复古北京城。各种化妆品店也有折扣，应该算是一个能够打折的实惠商场啦。是不是过来逛下还是挺好的。","2022-10-03 17:39"
"vei_vivi","设施：4.0","环境：4.0","服务：4.0","好久都不来百货大楼了，老楼现在是越来越没法逛了，款式又老又旧，价格还贵，真不知道哪儿搜罗来这么些个土...","好久都不来百货大楼了，老楼现在是越来越没法逛了，款式又老又旧，价格还贵，真不知道哪儿搜罗来这么些个土鳖的款式，即使您的客户群是中老年，中老年也得与时俱进吧，还是您打心底里觉得中老年就是一群土鳖？这么高的价位，引入点有设计风格的品牌不好吗？","2022-10-03 15:21"
"眼大肚小","设施：5.0","环境：5.0","服务：4.5","昔日王府井百货大楼是北京人日常购物常去的地方，也是来京客人必定要逛的北京地标。今天的北京市百货大楼已...","昔日王府井百货大楼是北京人日常购物常去的地方，也是来京客人必定要逛的北京地标。今天的北京市百货大楼已今非昔比，当年的糖果点心布匹柜台与摩肩接踵人山人海的景象不见踪影，呈现眼前的是宽敞明亮的店堂，轻松舒适的氛围，现在出售的除了商品，还多了服务。不变的是目标群体依然是工薪大众，主打国内品牌，兼顾男女老少，这也是它与其他大商场不同之处。","2022-10-03 09:27"
"点小评8242470290","设施：5.0","环境：5.0","服务：5.0","从天安门出来步行来到了百货大楼，已经忘记了多久之前来的这里，但是现在时间很充裕，在北京城里逛一圈，十...","从天安门出来步行来到了百货大楼，已经忘记了多久之前来的这里，但是现在时间很充裕，在北京城里逛一圈，十一七天假，出不了京就在京里逛，百货大楼七层都是吃饭的地方，怎能少的了，楼下b1还有怀旧的地方，这一天基本就是走走逛逛，时间过得老快了","2022-10-03 09:26"
"路过云飘飘","设施：5.0","环境：5.0","服务：5.0","","在附近办事，需要买个伴手礼，于是想到鄂尔多斯羊绒围巾。今天会员打九折，两条近3000。自己也想买，就是没舍得。","2022-10-03 08:04"
"如许生活","设施：5.0","环境：5.0","服务：5.0","北京市百货大楼：在我年少时，就知道北京市百货大楼有个优秀营业员张秉贵。那时他是全国人民学习的榜样。今...","北京市百货大楼：在我年少时，就知道北京市百货大楼有个优秀营业员张秉贵。那时他是全国人民学习的榜样。今天特意来到王府井大街，寻找当年的印象。很快看到那尊雕像，张秉贵微笑着看着前方，以“一团火精神”感召后人。走近北京市百货大楼，商品琳瑯满目，营业员热情服务。我也特意买了点北京特产，以做纪念。","2022-10-03 06:12"
"春光666","设施：5.0","环境：5.0","服务：5.0","一楼是各大化妆品护肤品牌的专柜，很全，而且偶尔还能赶上小样机薅羊毛。楼上也有餐饮，挺方便。一楼还有ha...","一楼是各大化妆品护肤品牌的专柜，很全，而且偶尔还能赶上小样机薅羊毛。楼上也有餐饮，挺方便。一楼还有hamleys两层的玩具专柜，总有活动挺合适的，可以买一些小型或者大型的都有。位置也很好，休息逛逛挺不错滴。","2022-10-01 19:15"
"当前可修改","设施：5.0","环境：5.0","服务：5.0","","老店新模式，感觉还挺好，很亲切友好的店铺。","2022-09-29 19:16"
"水灵兽兽","设施：5.0","环境：5.0","服务：5.0","儿时的记忆，那时最爱和妈妈一起来大楼。她一进来就东转西转，却也不轻易买什么。那个年代物资相对匮乏，大...","儿时的记忆，那时最爱和妈妈一起来大楼。她一进来就东转西转，却也不轻易买什么。那个年代物资相对匮乏，大家收入也不高，真是名副其实的逛商场。
来到大楼，她总爱把我放到一个叫“憩园”的地方，相当于现在可休息就餐的便利店，印象里是在大楼二楼半的位置吧，每次去会给我买一碗康师傅方便面，海鲜味的，店员阿姨提供热水冲泡。或是买一个好丽友派。
这两样食品，当初都是2.5元。那会那个好丽友刚进入国内，卖的比现在赌都贵，你说说这韩国人挣了咱们多少钱。
大楼现在现在加了北楼，南楼主体与几十年前无异。它就一直在那样，见证了我们的成长，见证了我们的老去~
时值大楼店庆，祝你和我们生日快乐！","2022-09-28 22:07"
"追追朵朵顿顿","设施：4.5","环境：4.5","服务：4.5","王府井百货大楼应该是我出生之后所知道的第一座有故事的百货商厦，为啥呢？因为小时候学过一篇课文，主人公...","王府井百货大楼应该是我出生之后所知道的第一座有故事的百货商厦，为啥呢？因为小时候学过一篇课文，主人公是抓糖特别准的售货员张秉贵。
风风雨雨几十年百货大楼旧貌换新颜。
以前我常来也不过是因为里边儿有个横店影城，电影票在王府井大街这几家电影院里比较实惠。
至于商场内部，作为年轻人觉得没什么吸引力。
没想到后来再来，百货大楼换了样子了，像个新商场。
废话不多说，直接有图有真相哈。
八楼还是影院，七楼是美食城，六楼是餐厅，地下一层还有个老北京风情的和平菓局，非常值得一逛。
最值得留念的一定是百货大楼这座大钟了，整点儿会响起钟声。","2022-09-28 21:44"
"匿名用户","设施：5.0","环境：5.0","服务：5.0","北京市百货大楼67周年庆，很多优惠和活动，北馆东门一层一个超大的相遇照相馆吸引眼球，不仅可以打卡拍照，...","北京市百货大楼67周年庆，很多优惠和活动，北馆东门一层一个超大的相遇照相馆吸引眼球，不仅可以打卡拍照，相机的内部还另藏玄机，可以拍照打印二次元照片作为留念。活动也很多，场内各种折扣还有环球影城门票的抽奖","2022-09-28 15:03"
"颂鑫","设施：4.5","环境：4.5","服务：4.5","来北京这么多年了，第一次来王府井百货逛，里面很大，一层是化妆品区，很多大牌子的护肤品都有比如skll，香...","来北京这么多年了，第一次来王府井百货逛，里面很大，一层是化妆品区，很多大牌子的护肤品都有比如skll，香奈儿，纪梵希，迪奥，雅斯兰黛等等，的，二层，三层有衣服，玩具，鞋子等，客梯挺有特色的像个子弹头，总体大气","2022-09-28 08:17"
"随心所欲","设施：4.5","环境：4.5","服务：4.5","作为北京人，一到王府井肯定就想起来王府井是百货大楼。改造之后的王府井百货大楼，也踩着时尚的尾巴，很多...","作为北京人，一到王府井肯定就想起来王府井是百货大楼。改造之后的王府井百货大楼，也踩着时尚的尾巴，很多化妆品都有小样机，还有一些可爱的活动。这次做的是拍照发朋友圈的活动。在点评上发帖，就可以送两张小贴纸，虽然没什么用就是个玩意儿。中间的兰蔻和科颜氏。小样机排队的人也不多。","2022-09-25 19:14"
"wilfulvivi","设施：5.0","环境：5.0","服务：5.0","害，商场嘛，都差不多设施~进门扫码，量体温。
前几天去的，商场内是皮尔斯，但貌似只有这个小柜台？主要是...","害，商场嘛，都差不多设施~进门扫码，量体温。
前几天去的，商场内是皮尔斯，但貌似只有这个小柜台？主要是草莓熊🍓🐻，也可能是我没看到别的。商场外是时装周，街上能看到很多瘦瘦高高的小姐姐，都是模特，好多是真瘦啊，一点点肉没有~","2022-09-25 18:18"
"大口喝水的猫","设施：5.0","环境：5.0","服务：5.0","","今天赶上百货大楼建成67周年 还在梦工厂盖到了免费的大章 和平果局里怀个旧 是我喜欢的地方","2022-09-25 17:44"
"博丽灵梦","设施：5.0","环境：5.0","服务：5.0","","这周有北京时装周活动，15－22日，感性趣可以去展一眼。","2022-09-22 10:54"
"小马桶o","设施：5.0","环境：5.0","服务：5.0","王府井步行街的标志商场之一，转型很成功，既有高端的奢侈品牌，也有北京特色的网红打卡地。
现在正值67周...","王府井步行街的标志商场之一，转型很成功，既有高端的奢侈品牌，也有北京特色的网红打卡地。
现在正值67周年店庆，王府井百货大楼举办了很多活动，领手账贴纸，盖特色纪念章，分享得礼物等等，既有趣又实用。相遇即是美好，王府井925美好生活节蛮有料的。","2022-09-21 15:03"
"陈新","设施：5.0","环境：5.0","服务：4.0","","有了娃后一直没机会跑王府井商圈这么远的地方逛街，终于得空过来逛了一次，以前简单逛过几次，比印象中好不少，环境很棒，有个超大的玩具店，对亲子来逛街很友好，饭馆也多，各种品牌店也不少，还保留了些复古特色。","2022-09-19 00:16"
"何仙姑","设施：5.0","环境：5.0","服务：5.0","北京百货大楼9月25日有个周年庆，但是从这周到下周开始，就开始有一些互动活动，门口是时装周的活动，还有...","北京百货大楼9月25日有个周年庆，但是从这周到下周开始，就开始有一些互动活动，门口是时装周的活动，还有很多团购折扣，一层化妆品，打折力度还可以，大人，孩子的服装鞋帽在这里都可以买到，王府井步行街上大钟表的楼就是这里，从小就开始逛的商场，至今都是情怀啊！这可能是王府井地区历史最久的商场了，在保持历史样子的放下，不断创新，不忘初心，砥砺前行，为每一位消费者打造最好的购物体验","2022-09-18 23:29"
"你丑我瞎","设施：5.0","环境：5.0","服务：5.0","百货大楼可以说真的是与时俱进，老商场却能打造出网红打卡地，之前一想到百货大楼都是奶奶级别的人过来逛，...","百货大楼可以说真的是与时俱进，老商场却能打造出网红打卡地，之前一想到百货大楼都是奶奶级别的人过来逛，但其实进到商场里一点老旧感都没有，完全就是老少皆宜的商场！各种时尚品牌，各种网红打卡地，不得不给百货大楼点赞购物还可以兑换停车券，孩子逛的也特别开心！总之就是购物逛街遛娃的好地方！值得推荐！地下二层真的是让北京70,80后回忆满满","2022-09-18 20:52"
"元宝妈妈","设施：5.0","环境：5.0","服务：2.5","百货大楼我们打小儿就来，现在经常带着孩子去和平果局里玩儿，找找回忆，然后在二层给孩子买玩具枪，买完直...","百货大楼我们打小儿就来，现在经常带着孩子去和平果局里玩儿，找找回忆，然后在二层给孩子买玩具枪，买完直接6层萃华楼吃饭，我们差不多每周或隔一周就去，今个儿逛和平果局感觉特别不好👎，觉得心里特别别扭！我家孩子6岁多点，男孩儿，我们直接就去地下二层和平果局，一进左边，有一个卖中草药的地方，那里摆着手串什么的，可能是玻璃的，具体不知道，我孩子手一不小心，扒倒了摆着手串的托盘儿，手串摔了，我给捡起来了，工作人员说摔了6对，一对79，说按50给我，后来，我老公说就给200，我本来想报警，有孩子在，我不想跟她们吵闹，怕吓着孩子，我就给了200元，我们就走了，您说这不讹人吗？您什么东西呀？要那么多钱这是我这么多次来王府井百货大楼最差的体验！提醒一下各位：带孩子的一定要看好自个儿的孩子，别碰任何东西，不然就得买单","2022-09-17
  更新于2022-09-18 14:53"
"吃饭要带羊小胖和瓜尔佳","设施：5.0","环境：5.0","服务：5.0","北京时装周在王府井百货门口有时装秀
北京广播电视台实况转播，嘉宾走红毯，场面宏大
毛戈平彩妆独家赞助的...","北京时装周在王府井百货门口有时装秀
北京广播电视台实况转播，嘉宾走红毯，场面宏大
毛戈平彩妆独家赞助的大秀，毛戈平彩妆也是国货之光
小姐姐们都超级瘦，腿巨长巨细，穿着高跟鞋👠比普通人高一大截，衣服都超级漂亮，几个系列都是不同的风格，但都属于国潮系列，满满的中国元素，最喜欢华服系列，妆容服饰配乐都气势恢宏
王府井百货作为老牌商场虽然比不上新建商场的华丽和前卫，但作为北京商业的文化标志这些年也在悄然改变，很多国际大牌也入驻其中","2022-09-17 14:35"
"李李李李李yif","设施：5.0","环境：5.0","服务：5.0","百货大楼真的是王府井很有代表性的老商场了，在王府井步行街上，如果开车去的话，估计要停其他楼的下边，现...","百货大楼真的是王府井很有代表性的老商场了，在王府井步行街上，如果开车去的话，估计要停其他楼的下边，现在店铺比头些年要丰富了很多，更符合年轻人的购物需求
我当时是去看金饰的，整整一层，周大福和周生生的店都是一个柜台，一个东西非常全的旗舰店，基本可以满足想要的了。","2022-09-16 00:03"
"刘小妞子","设施：5.0","环境：5.0","服务：5.0","好久不来百货大楼，听这个名字还是小时候的回忆。来了之后感觉变化真的很快，把车停到b3有特斯拉充电，还很...","好久不来百货大楼，听这个名字还是小时候的回忆。来了之后感觉变化真的很快，把车停到b3有特斯拉充电，还很方便！三个车位没有人，而且地库很大～再说一下商场，b1都是超市小零食，b2有个老北京展，陪孩子吃吃看看挺开心的。一楼二楼玩具乐园很大可以看看","2022-09-15 18:01"
"C可乐.爱上冰.","设施：4.5","环境：4.5","服务：4.5","来王府井步行街怎能不逛逛百货大楼！在这里逛街感受的是一种情怀！9月百货大楼即将迎来店庆！“相遇照相馆...","来王府井步行街怎能不逛逛百货大楼！在这里逛街感受的是一种情怀！9月百货大楼即将迎来店庆！“相遇照相馆”网红打卡点已就位！约上朋友或家人一起定格美好的瞬间！
      网红打卡点位于商场东侧。从步行街正门旁边的转门进来就能看到！","2022-09-14 18:22"
"匿名用户","设施：5.0","环境：5.0","服务：5.0","王府井是一条很热闹的步行街，道路两旁全是可以逛的大厦，晚上可以一家人步行来到这里，从南走到北，可以边...","王府井是一条很热闹的步行街，道路两旁全是可以逛的大厦，晚上可以一家人步行来到这里，从南走到北，可以边吃边溜，推荐茉莉花味的冰淇淋，就在从南口进来的右手边，一个茶叶老牌子的门口。口味清淡，唇齿留香，可以来试试。","2022-09-14 15:54"
"Alex","设施：4.0","环境：4.0","服务：4.0","好久没来百货大楼了。看到上面的时钟，还是会感慨时光的流逝。
现在的百货大楼有两个馆。地下有和平果局。...","好久没来百货大楼了。看到上面的时钟，还是会感慨时光的流逝。
现在的百货大楼有两个馆。地下有和平果局。楼上有电影院和餐饮。作为老牌百货大楼，也跟上了时代的潮流。
也有品牌搞社群活动。作为北京的回忆，希望他越办越好。","2022-09-14 00:44"
"plinnacao","设施：4.0","环境：4.0","服务：4.0","王府井百货大楼作为新中国第一店，在计划经济的时代，百货大楼一货难求，全国人民来北京必到的打卡地，改革...","王府井百货大楼作为新中国第一店，在计划经济的时代，百货大楼一货难求，全国人民来北京必到的打卡地，改革开放后这里没有了以前的喧闹，品质追求高端和特色，店面也进行了多次的升级改造，门口的音乐喷泉很是壮观，但这次没有开放，门口施工。目前商场内有很多体验馆，商品琳琅满目，来这里不单是购物，更多是回忆。","2022-09-13 19:15"
"pipi100705","设施：0.5","环境：0.5","服务：0.5","","电话永远打不进去。这很让人恼火。","2022-09-07 15:42"
"春","设施：5.0","环境：5.0","服务：5.0","为了花掉商通卡，特意到百货大楼购物。环境真是比想象的好太多，宽松人少清新时尚，应有尽有，而没有...","为了花掉商通卡，特意到百货大楼购物。环境真是比想象的好太多，宽松人少清新时尚，应有尽有，而没有老国营的暮气。

特别是卫生间，设施很新设备齐全，宽敞干净。
选了老牌子安睡宝，价格适中，折扣力度很大。关键是贴身的质量要有保障。

六七层各地餐饮，丰俭由人，种类很多，地方不大 ，但并不觉得杂乱拥挤。和平菓局更是值得一看。","2022-09-06 16:07"
"李大格","设施：5.0","环境：5.0","服务：5.0","北京王府井是北京的地标，王府井百货大楼是王府井的地标。
从我记忆力，妈妈到北京旅游就要去趟王府井百货...","北京王府井是北京的地标，王府井百货大楼是王府井的地标。
从我记忆力，妈妈到北京旅游就要去趟王府井百货大楼。
王府井百货大楼就是某种意义上北京的一种标准，劳模张秉贵就是这里的售货员，是我们从小就知道的哇，现在还有个博物馆。","2022-09-04 19:12"
"及时行乐","设施：4.5","环境：4.5","服务：4.5","中华人民共和国成立后北京建造的第一座大型百货零售商场。营业面积1.8万平方米。

开业时间：1955年9月
位...","中华人民共和国成立后北京建造的第一座大型百货零售商场。营业面积1.8万平方米。

开业时间：1955年9月
位置：王府井步行街
公交：地铁八号线金鱼池站下车往南。

「和平菓局老北京风物馆」这里是王府井网红打开地。这是一个非常有年代感的地方，这里弥漫着老北京的文化传承。","2022-09-04 10:02"
"Meimei","设施：4.5","环境：4.5","服务：4.5","有年头没来百货大楼了，曾几何时留下多少童年记忆。大门外还是原来的模样，进去后就跟其他大型商场无异，一...","有年头没来百货大楼了，曾几何时留下多少童年记忆。大门外还是原来的模样，进去后就跟其他大型商场无异，一楼化妆品，滚梯上楼，只是闲逛了一会儿才看到熟悉的楼梯。
😷原因，商场经营压力山大，但整个商场依然干净整洁，商品琳琅满目。坚持，加油！送给每一个辛勤工作的人。","2022-09-03 12:10"
"爱吃章鱼的小丸子","设施：5.0","环境：5.0","服务：5.0","王府井百货大楼的服务那是超喜欢，绝对是一流，会员服务中心的工作人员解答顾客问题耐心细致，有些问题前台...","王府井百货大楼的服务那是超喜欢，绝对是一流，会员服务中心的工作人员解答顾客问题耐心细致，有些问题前台的服务员一时解决不了，会主动去协调主管部门，态度积极，一点不推脱，很有责任感，让会员服务中心有了实实在在的价值，增加了顾客在这里购物的信任感","2022-09-03 09:26"
"枫行Maple","设施：4.5","环境：4.5","服务：4.5","王府井步行街惊现蔦屋书店
就在步行街小广场上
原来是资生堂和书店的联合推广
有一些好看的周边和杂志
都不...","王府井步行街惊现蔦屋书店
就在步行街小广场上
原来是资生堂和书店的联合推广
有一些好看的周边和杂志
都不对外出售
喜欢变色猫杯和浮世绘首饰盒
购买资生堂产品可以获赠
听说蔦屋书店已经开进了大陆
期待北京开店的那一天！","2022-09-02 15:08"
"高兴就好","设施：5.0","环境：5.0","服务：5.0","逛逛新中国成立后北京建造的第一座大型百货零售商店—王府井百货
商场是北京老牌的商场，商场里面干净整洁...","逛逛新中国成立后北京建造的第一座大型百货零售商店—王府井百货
商场是北京老牌的商场，商场里面干净整洁，环境很好，是吃购娱的好去处。受大环境影响步行街上人很少。
逛商场能买到心仪的东西是最重要的。
跑了三个商场，来到百货大楼二层一眼就相中了玫而美的婆婆服，简单大气，上档次，价位也算亲民。
有需要就去转转吧，不购物还可以看看美丽的夜景。","2022-09-01 22:03"
"Meatamong","设施：4.5","环境：4.5","服务：4.5","在商场的地下二层，整体环境比较昏暗。

老胡同，老设施，对于95年之前出生的人过去，比较有感触。

怀旧零...","在商场的地下二层，整体环境比较昏暗。

老胡同，老设施，对于95年之前出生的人过去，比较有感触。

怀旧零食区，里面的食品也不算太怀旧，反而南锣鼓巷里那些怀旧小零食会更全。

这里吸引人的主要是场景，大概逛30分钟就结束了。","2022-09-01 17:51"
"匿名用户","设施：4.5","环境：4.5","服务：0.5","","还是服务啊好失望啊，后门不让进问了一下，这看门的保安态度及差，横着说不让进48小时核酸，不会好好说啊，吃了炝药啦哈","2022-08-31 14:28"
"Dr.咚咚","设施：4.5","环境：4.5","服务：4.5","位置：王府井步行街，北京的老牌商场了，和周围新建的高楼一起也不落伍。
环境：商场品类齐全...","位置：王府井步行街，北京的老牌商场了，和周围新建的高楼一起也不落伍。
环境：商场品类齐全，吃喝玩乐都有，八层的横店电影院价格亲民，环境也很好。看完电影，吃点东西，逛逛街，王府井商场很多，人群被分流，商场没人不多，逛逛很清净。","2022-08-31 00:06"
"无机道长","设施：5.0","环境：5.0","服务：5.0","","百货大楼相遇照相馆！
活动非常有意思","2022-08-30 11:48"
"soulmate_7","设施：4.5","环境：4.5","服务：0.5","","服务电话无人接听 ～周二上午10点开始 拨打48分钟无人接听","2022-08-30 10:49"
"土肥","设施：5.0","环境：5.0","服务：5.0","大名鼎鼎的张秉贵，家喻户晓的熟识度，不过现在的孩子们是不知道是谁了，80后的回忆
恰巧在和平果局...","大名鼎鼎的张秉贵，家喻户晓的熟识度，不过现在的孩子们是不知道是谁了，80后的回忆
恰巧在和平果局的电梯口处，给儿子讲了讲张秉贵爷爷的故事，去古怪看了看，现在的糖果🍬可真是选择多，不像小时候就那么几种。","2022-08-29 23:03"
"李雪","设施：4.5","环境：4.5","服务：4.5","","#相遇的美好时刻#王府井67周年快乐","2022-08-29 16:29"
"爱的就是你023","设施：4.5","环境：4.5","服务：4.5","第一次来北京就到这里来过了，虽然过了十几年，楼下还是很多卖国埔，糕点的地方只不过哪个时候生意很好，现...","第一次来北京就到这里来过了，虽然过了十几年，楼下还是很多卖国埔，糕点的地方只不过哪个时候生意很好，现在的人大概没有吃这种食品的积极性了。
     其实逛商场你不一定要买什么，哪怕是简简单单的看看就觉得特别满足。现在物资特别多，突然一股思想在心里，我哪个时候好年轻啊，现在30几了买得起了，可是我却不想买了","2022-08-28 17:57"
"dazhzhshfs","设施：5.0","环境：5.0","服务：5.0","","虽然是北京人，但是却不常来，有十年没来过了，变化特别大。","2022-08-25 10:21"
"七彩","设施：4.5","环境：4.5","服务：4.5","王府井-北京百货-新中国第一店
对面东安市场-斜对面新中国儿童用品商场
里面很干净-每层都有卫生间-可乘坐...","王府井-北京百货-新中国第一店
对面东安市场-斜对面新中国儿童用品商场
里面很干净-每层都有卫生间-可乘坐直梯👏

地下一层怀旧小时候-免费+主要进来看这个的+想起了小时候

一层化妆品💄
二层就是服饰了🎽
里面挺高大上的","2022-08-24 16:26"
"风浦","设施：4.5","环境：5.0","服务：4.5","","王府井百货大楼，地下一层有个老北京胡同，很不错，勾起很多回忆。","2022-08-24 15:42"
"宇智波神龟","设施：5.0","环境：5.0","服务：5.0","","真的是豪华 多金 有钱人的天堂 有空来逛逛 找找人生奋斗的动力","2022-08-21 09:22"
"匿名用户345","设施：4.5","环境：4.5","服务：4.5","","很有历史感的百货大楼，但进门总觉得缺了点东西，仔细想了一下，大概缺了好闻的香氛的味道，如果有了香氛，应该立马会有日本桥高岛屋的感觉","2022-08-20 16:26"
"管的着我是谁吗","设施：4.5","环境：4.5","服务：4.5","","地下二层的@和平菓局 
复古老北京风情街
八十年代回忆杀
拍照打卡网红地","2022-08-18 21:03"
"东城春早时","设施：5.0","环境：5.0","服务：5.0","上世纪五十年代建造的北京市百货大楼今天仍不落伍。与内部相比大楼外观变化要小些，大楼内部改造的非常豪华...","上世纪五十年代建造的北京市百货大楼今天仍不落伍。与内部相比大楼外观变化要小些，大楼内部改造的非常豪华、现代，灯火辉煌商品琳锒满目！只有第11张图片能够看到旧时百货大楼楼梯的模样！
    店内帅哥靓女的广告引人侧目，但最后一张美吗？！有人曾说过，吊眼单眼皮高颧骨冷面女性是在丑化中国人！","2022-08-15 17:17"
"喜羊羊07","设施：4.5","环境：4.5","服务：4.5","","去大楼，在一楼看见了张秉贵纪念馆，摆放着各种纪念品，介绍他平凡的事情，还有展示柜台，和各种糖果，小时候最爱吃奶油球，酸三色，酥糖，软糖等，值得推荐去看看","2022-08-15 15:42"
"啥呀迪卡","设施：5.0","环境：5.0","服务：5.0","商场是北京老牌的商场里面还是那么好，设施齐全，商场里面干净整洁，环境很好，是去购物吃饭完的好去处，后...","商场是北京老牌的商场里面还是那么好，设施齐全，商场里面干净整洁，环境很好，是去购物吃饭完的好去处，后面还有步行街，人也很多，还有喷泉，不行街人满为患，回复到了以前的那种感觉哦，各种老北京的特色在地下一层，值得推荐！","2022-08-12 20:20"
"Cynthia","设施：5.0","环境：5.0","服务：5.0","北京的标志～金街很久没有出门，感觉跟以往的王府井相比较，现在真的人好少外地游客比往年也少了...","北京的标志～金街很久没有出门，感觉跟以往的王府井相比较，现在真的人好少外地游客比往年也少了很多。不过因为没有那么多人反而逛起来比较舒服整体环境整洁，商品专柜布置比较合理，商品也很丰富。秋高气爽的感觉真好！","2022-08-10 18:03"
"阳光地带","设施：4.5","环境：4.0","服务：4.0","王府井百货大楼1955年成立 ，到现在已经有五十多年了 ，是王府井的地标性建筑 ，好多外地的游客都在那儿 ，...","王府井百货大楼1955年成立 ，到现在已经有五十多年了 ，是王府井的地标性建筑 ，好多外地的游客都在那儿 ，能买到许多奇特的东西 ，234层就是百货楼顶两层 各种吃的很多 。
   不过现在也许是因为大环境的原因，客流不多，希望能从现以往人头传动的景象。","2022-08-09 18:30"
"饕餮行者也","设施：4.5","环境：4.5","服务：4.5","🔵高端，大气，上档次
王府井百货大楼1955年成立，至今已有50多年，
是王府井步行街地标性建筑，也是外地...","🔵高端，大气，上档次
王府井百货大楼1955年成立，至今已有50多年，
是王府井步行街地标性建筑，也是外地游客必逛之地

商场分为南馆和北馆，两个馆都比较大，一层是化妆品和珠宝，上面的楼层是服装餐饮等等

商场高端，且位置处于商业氛围最浓重的步行街，物价自然而然就要高的很多。所以本地人来此地还是少的，外地人非常多，周末的时候都是人山人海。","2022-08-07 08:08"
"符星星","设施：5.0","环境：5.0","服务：5.0","北京王府井百货和北京市百货大楼在一个地方，挨着，还有新中国儿童用品商店！总之东单这边算是北京最著名的...","北京王府井百货和北京市百货大楼在一个地方，挨着，还有新中国儿童用品商店！总之东单这边算是北京最著名的步行街了！外地游客尤其多，好多都是拉着行李箱逛的！这里有家稻香村还是挺不错的，至少是真的，要么稻香村太多了，都不知道真假！","2022-08-06 16:25"
"Freda72","设施：4.5","环境：4.5","服务：4.5","王府井百货大楼地下二层的平菓局很早之前就兴趣体验一下了，这回终于有机会。这波回忆杀猝不及防，一边走一...","王府井百货大楼地下二层的平菓局很早之前就兴趣体验一下了，这回终于有机会。这波回忆杀猝不及防，一边走一边指着某个布景与同伴滔滔不绝的说自己小时候的故事，小时候的小零食大家都爱吃些什么，小时候的动画都爱看些什么，小时候都在玩什么样的游戏机战绩如何，哈哈很好的体验。","2022-08-03 15:11"
"纳兰芊芊","设施：4.5","环境：4.5","服务：4.5","好久没去了，前几年好像重装了一次，现代感十足，但仍保留了老式的楼梯，能回味小时候的味道～
一层各种大...","好久没去了，前几年好像重装了一次，现代感十足，但仍保留了老式的楼梯，能回味小时候的味道～
一层各种大牌化妆品，经常有活动。楼下的和平果局很有特色，能回味老北京的感觉，还能买些“奇特”玩意～
二三四层就是百货，楼顶两层各种吃食很多。
夜晚外景很美","2022-08-02 22:14"
"囍乐儿","设施：5.0","环境：5.0","服务：5.0","2019.11.9来王府井附近吃饭，吃完就过来逛逛，算是王府井的地标商场了吧。游客络绎不绝。算是一个老牌商场...","2019.11.9来王府井附近吃饭，吃完就过来逛逛，算是王府井的地标商场了吧。游客络绎不绝。算是一个老牌商场。各大品牌都有。比较高端。随便一件衣服都价格不便宜。我这也就是逛逛饱饱眼福。地下还有一些卖特产的。","2022-08-02 08:53"
"卓松年","设施：4.5","环境：5.0","服务：4.0","餐营业旅游业被新冠病毒腰折。 今天去了百货大楼看看，发现餐馆都只能接待半数人，简言之被腰折。买衣服的...","餐营业旅游业被新冠病毒腰折。 今天去了百货大楼看看，发现餐馆都只能接待半数人，简言之被腰折。买衣服的顧客更少了。公交车也是都有坐位，公交车的发车间隔时间也比较长。疫情前，从我家去王府井要一个多小时，现在也只需要一半的时间。今天还是周六，王府井大街仍空空如也。随手拍几张照片，纪录当前的百货大楼和王府井大街，还有一栋烂尾楼已存在十多年了！","2022-07-30 13:59"
"LENGLA","设施：4.5","环境：4.5","服务：4.5","听的王府井土著来王府井百货给家里家里小祖宗买这最后的冰墩墩和雪容融，专卖挨着张秉贵纪念馆，不大的摊位...","听的王府井土著来王府井百货给家里家里小祖宗买这最后的冰墩墩和雪容融，专卖挨着张秉贵纪念馆，不大的摊位，但种类不少，关键是不像工美里那么闹腾，服务员大姐也是非常的热情，本来只想买两钥匙扣，最后还是买了满满一兜。如果是真爱，想买两个小可爱留个念想现在入手是挺不错的时候。","2022-07-26 20:36"
"买个西瓜趁热吃","设施：0.5","环境：0.5","服务：0.5","垃圾商场，停车费巨贵。停车布局十分不合理，管道层还改造成停车场。停车上还弥漫出一股臭味，尤其是到了地...","垃圾商场，停车费巨贵。停车布局十分不合理，管道层还改造成停车场。停车上还弥漫出一股臭味，尤其是到了地下三层，一股动物排泄物的气味十分刺鼻。
图一的门往里走，刚迈出一步就吐了。里面不仅臭，还很脏。闷热，潮湿，粘稠的质感，很恶心。甚至比外面更臭。
换了一个电梯，上到了七楼。结果发现门是锁的。失望至极","2022-07-25 23:52"
"July","设施：4.0","环境：4.0","服务：3.5","","一个相当有年代感的时尚大楼，里面的品牌都是相当有实力服饰非常有档次建议大家入手","2022-07-25 12:42"
"天朝小金刚","设施：5.0","环境：5.0","服务：5.0","这家商场犹如skp一样，应该都不用多介绍了。北京必逛一层的化妆品牌是真的超级全。包括冬奥会的时候...","这家商场犹如skp一样，应该都不用多介绍了。北京必逛一层的化妆品牌是真的超级全。包括冬奥会的时候，这里卖冰墩墩的柜台店面是最多的！现在也依然很全哦，特别是一些限量的。北京的劳力士门店和售后服务部这条街就有三家，不愧是金银街呢","2022-07-25 01:49"
"lws1019","设施：4.5","环境：5.0","服务：4.5","盛夏之际，三伏天路过这里，进百货大楼随意看看夏装和帽子。很久没来了，以前的格局不存在了，和大多数商场...","盛夏之际，三伏天路过这里，进百货大楼随意看看夏装和帽子。很久没来了，以前的格局不存在了，和大多数商场一样，一楼是化妆品、珠宝首饰；二楼开始到五楼，服装鞋帽，家居用品之类的；六、七楼，是餐厅美食，八楼有电影院正在开放，不知道在演什么电影，要扫码登记就没进去。于是坐直梯下来。
下到地下二层，一下给惊艳到了！满满的都是老北京过去的回忆。这里比看电影还要精彩：老北京的院子，旧时的胡同，时代的标签，开往新时代的列车，唱戏的小剧场，一切的一切，拍个小视频，拍个照片留念，很好，很好！这里，可是个值得一去的地方。","2022-07-24 20:58"
"拍个小黄瓜","设施：3.5","环境：3.5","服务：3.5","王府井商圈公共交通发达，可达性较高，除地铁1号线直达外，还有多条线路公共汽车穿过。王府井商圈的形成可...","王府井商圈公共交通发达，可达性较高，除地铁1号线直达外，还有多条线路公共汽车穿过。王府井商圈的形成可追溯到元朝时期，是北京发展最早的商圈，现今已成为辐射国内外的国际性旅游商圈。在业态分布方面，王府井商圈的零售业态占比最大，且零售与餐饮业态的占比之和超过85%，其他业态占比均较小。","2022-07-24 00:31"
"点小评0248664206","设施：4.5","环境：4.5","服务：4.5","第一次来打卡王府井地下步行街，早就听说这个地方很有年代感，今天得以实现，在楼上买完衣服，儿子说这里的...","第一次来打卡王府井地下步行街，早就听说这个地方很有年代感，今天得以实现，在楼上买完衣服，儿子说这里的运动装很全都是新款，在一般的小店是没有的，买完衣服，顺路过来看看，真的不错有种怀旧的感觉，一家人开开心心的一天，就在王府井步行街度过了愉快的时光","2022-07-22 18:51"
"点小评7083256299","设施：2.5","环境：2.5","服务：0.5","","远近闻名的老店跟老人一样，听不见振铃，电话打了一个小时都没有人接听！","2022-07-21 18:12"
"匿名用户","设施：5.0","环境：5.0","服务：5.0","","位置王府井的百货大楼，地下二层，满满的回忆，去的时候下雨，人不多，不用排队。","2019-09-10
  更新于2022-07-21 01:26"
"榕悦清风","设施：5.0","环境：5.0","服务：5.0","","百货大楼变化很大，地下修建了老北京街景，太怀旧了，很不错~","2022-07-20 21:49"
"匿名用户","设施：4.5","环境：4.5","服务：4.5","","总体还是非常棒的商场，很久没去了，周末陪小朋友看完剧就近解决午餐，发现一些餐饮撤了，小档口多了，好遗憾","2022-07-20 10:28"
"攸攸_3861","设施：3.5","环境：3.5","服务：3.5","还是春节前来的呢！真的是好多年没有来过百货大楼了！相比周边的新商场，里面会略显老旧了一些。毕竟还是老...","还是春节前来的呢！真的是好多年没有来过百货大楼了！相比周边的新商场，里面会略显老旧了一些。毕竟还是老商场了，太大的品牌没有，布局感觉有点乱，大概逛了一圈，买了个护肤品，就走了！疫情期间也没有什么人，柜姐应该是忙着网上销售呢，还得等半天才过来！","2022-07-19 14:46"
"哈哈哈哦耶","设施：5.0","环境：5.0","服务：5.0","【位置】王府井步行街，之前的辉煌自然不在了
【环境】环境很舒适，因为周末的百货大楼也没有什么顾客，非...","【位置】王府井步行街，之前的辉煌自然不在了
【环境】环境很舒适，因为周末的百货大楼也没有什么顾客，非常冷清，要不是因为来哈姆雷斯，肯定不会进来光顾的。楼下B1还有一个和平果局，应该是这个大楼里能逛的为数不多的店面了。","2022-07-17 16:09"
"美丽的丽加一个耳刀","设施：4.5","环境：4.5","服务：4.5","找不到从前的影子～
王府井百货大楼，一点儿也没有以往的影子了！一层进去全是化妆品柜台，还记得张炳贵的...","找不到从前的影子～
王府井百货大楼，一点儿也没有以往的影子了！一层进去全是化妆品柜台，还记得张炳贵的糖果柜台人头攒动，一抓一个准的真功夫，真厉害
去了四层的奥佳华按摩椅专柜，原本想着趁双十一的大促入一台，特意来深度体验，智能型的按摩椅确实名副其实，只可惜自己做不了全家的主！百货大楼出来走到吴裕泰茶店外卖窗口，点了一杯茉莉花奶茶，想着可以好好品一品，结果失望了，一袋茉莉花茶包，加上热牛奶一杯，吴裕泰卖15元，关键是出品太快，茶叶还没融入奶中，哎呀！这您就知道为什么王府井落寞了呀！
也许这次来去匆匆，希望今后有机会再去，慢慢体验～～～","2021-11-19
  更新于2022-07-15 06:35"
"匿名用户","设施：4.5","环境：4.5","服务：4.5","","位置挺好找，环境好，服务态度挺好，品质好。","2022-07-13 12:01"
"dianyinglisa","设施：4.5","环境：4.5","服务：4.5","这里原来你是一个人卖零碎玩意的老有人商品店，门口老有一两个兜售玩具的小伙子，前段时候去百货大楼只走后...","这里原来你是一个人卖零碎玩意的老有人商品店，门口老有一两个兜售玩具的小伙子，前段时候去百货大楼只走后门进去，今天看完电影往街上溜达一圈，这已经换成奥运商品专卖店了，就在外文书店南边一点儿，对面是apm的西门，店里不大，进去随便看看有什么可以买点儿，现在看着墩墩还有，其他玩意就看有什么是什么了。","2022-07-10 12:27"
"匿名用户","设施：4.5","环境：4.5","服务：1.5","唉！信任了这么多年的百货大楼，买东西非常喜欢在这里买！今天彻底让我失望了！张秉贵的一团火精神以不...","唉！信任了这么多年的百货大楼，买东西非常喜欢在这里买！今天彻底让我失望了！张秉贵的一团火精神以不负存在！买了这家的暖水瓶炸了两次，第一次两年多就算啦，因为孩子喜欢这个图案出于再一次的信任就又买了一个，信任店员说的从没出现过这种情况，心想不会再炸了，结果买了三月左右又炸了，真是后怕啊要是炸着人后悔都来不急啊！找百货大楼及商家说退不了让等着看！无耐无语！百货大楼在我心目中的形象以暗淡凉凉！","2022-07-09 16:09"
"巍巍岛","设施：5.0","环境：5.0","服务：5.0","","离单位很近，中午溜达着就去逛一圈。女装品牌很多，不过折扣少，价格高，一般就逛逛三层的无印良品。以前地下二层有特卖，挑一挑还能买到性价比高的衣服，后来改成和平菓局，就很少去逛了。","2022-07-09 14:59"
"W","设施：5.0","环境：5.0","服务：5.0","以前从来不懂，北漂的意义在哪里，那么苦，那么累，竟然还有那么多人乐此不疲，原来有一种生活叫越战越勇和...","以前从来不懂，北漂的意义在哪里，那么苦，那么累，竟然还有那么多人乐此不疲，原来有一种生活叫越战越勇和勇往直前，短暂游京，道不完的别离，念不完的深情，都留在了相机里，北京百货大楼真的，有一种来过就想留下的魔力","2022-07-07 00:07"
"木子muzz_7398106515","设施：4.0","环境：4.0","服务：4.0","前几天去的王府井百货大楼逛逛玩具，一层到四层都是玩具，不过玩具的品种和样式不太新颖，感觉哪里都能买到...","前几天去的王府井百货大楼逛逛玩具，一层到四层都是玩具，不过玩具的品种和样式不太新颖，感觉哪里都能买到，而且这里还比外面贵了许多也就看看吧。环境还不错挺凉快的，由于疫情又没有什么人，逛着挺舒服的，如果带孩子来玩还是不错的","2022-07-06 10:24"
"余春秀","设施：5.0","环境：5.0","服务：5.0","百货大楼并不陌生，只是疫情防控期间很少来这里逛，这是老字号的店，文化悠久具有丰富的产业，通过改造，现...","百货大楼并不陌生，只是疫情防控期间很少来这里逛，这是老字号的店，文化悠久具有丰富的产业，通过改造，现在的经营业务范围扩大了，不仅供全国的人民购物，还在接待外国友人，传送者历史文物，宝藏器皿，还有百姓购物，观影，游艺各类餐饮等服务，可以说应有尽有。值得分享，会再来","2022-07-03 15:24"
"北京小鱼儿0424","设施：4.0","环境：4.0","服务：4.0","进门前需扫码测温
进来后感觉超级凉爽，有滚梯也有直梯
一个吃购娱一条龙的好去处
各大名牌云集，餐厅主要...","进门前需扫码测温
进来后感觉超级凉爽，有滚梯也有直梯
一个吃购娱一条龙的好去处
各大名牌云集，餐厅主要集中于6-7层
快餐，港式茶餐，烤鱼，烤鸭，火锅应有尽有
逛累了也可以喝咖啡，果汁儿小憩一下
有机会还要来逛逛","2022-07-03 12:22"
"ry","设施：4.5","环境：4.5","服务：4.5","想选择一款实用轻便型的办公电脑，在王府井华为店购入matebook 2021款，银灰色的外观简约时尚，轻薄易携带...","想选择一款实用轻便型的办公电脑，在王府井华为店购入matebook 2021款，银灰色的外观简约时尚，轻薄易携带。最喜欢笔记本的触屏设计，还可以和手机端、平板端进行“华为共享”传输文件，方便很多。
店员介绍了很多款笔记本，提供了较好的参考，整体体验不错","2022-06-28 11:26"
"扶风_4372","设施：5.0","环境：5.0","服务：5.0","带孩子来和平书局，结果这个地方关门了，因为疫情期间不开啊，然后就只能在这个玩具店玩了一会儿，然后买了...","带孩子来和平书局，结果这个地方关门了，因为疫情期间不开啊，然后就只能在这个玩具店玩了一会儿，然后买了个玩具，反正整体环境就这样吧，主要是疫情期间嘛，也没啥人，然后里面可能也没有做太多的这种准备。嗯，把服务做得更好一点。","2022-06-25 17:09"
"雪兔子小美","设施：5.0","环境：5.0","服务：3.5","承载了我的童年记忆，当时柜台还是老式的封闭式柜台，站在楼上向下看，可以看到顾客挤在柜台外面一圈圈的感...","承载了我的童年记忆，当时柜台还是老式的封闭式柜台，站在楼上向下看，可以看到顾客挤在柜台外面一圈圈的感觉，觉得很壮观。当时感觉北京人买东西都往百货大楼跑。现在是开放式柜台了，大商场到处都有，顾客也少了。
大楼里有个劳模张秉贵博物馆，看到他工作时候的老照片和当时老报纸的报道，对顾客永远笑容满面，尊重顾客，态度上热情，难怪是劳模呢，现在他这工作态度也不是每个人能做到的。百货大楼仍旧有种大爷的感觉，竟然还有问顾客：买吗？不买就不给拿来看了。客户服务中心大爷说话可冲呢，说出来的话总有一种呛呛着的感觉。
商品折扣力度大，品牌好。","2022-06-17 07:48"
"哦哦哦哦哦嚯","设施：4.5","环境：4.5","服务：4.5","非常有年代感的商场，虽然一直在升级，但是计划经济的标签贴的更为牢固
因为陪老妈买夏天的裙子，专程开车...","非常有年代感的商场，虽然一直在升级，但是计划经济的标签贴的更为牢固
因为陪老妈买夏天的裙子，专程开车去王府井百货大楼搜寻，老店总有一个好处，就是方便中老年买服装，性价比超高，店员也有眼力见，大概逛了一个小时，在一家店迅速买出三条桑蚕丝材质的裙子，一共才5000多，在这物价飞涨的年代，让人感动","2022-06-16 18:46"
"老杨四大爷","设施：5.0","环境：5.0","服务：5.0","王府井百货大楼，我为什么给三星呢？只因这家百货商场，甭管硬件还是软件那都沒挑，唯一欠缺的就是没有人气...","王府井百货大楼，我为什么给三星呢？只因这家百货商场，甭管硬件还是软件那都沒挑，唯一欠缺的就是没有人气了。王府井百货大楼于1955年9月开业。刚开业时十分亲民，而且甭管商品的质量，价格都得到老百姓的青睐，但改革开放以后，各大商厦，超市跟雨后一春笋般冒了出来，这里便受到了冷落，后来就便成了旅游景点，到这来的以外地游客为主了。前几天到王府井顺便逛一圈，这里我已多年没来了，受疫情影响，这里已是门可罗雀了。","2022-06-09 18:54"
"walter301","设施：4.5","环境：4.5","服务：4.0","地下二层有一个过去街道的场景，做得真是特别细致特别还原特别有氛围。前几天去的人特别少，没有人气的场景...","地下二层有一个过去街道的场景，做得真是特别细致特别还原特别有氛围。前几天去的人特别少，没有人气的场景显得有些阴暗。不过人少的时候正好拍照。配合场景还设置了书店、餐饮、香料、小摆件等店铺。肚子正好饿了，买了一个20块钱的白毛煎饼","2022-05-30 16:35"
"小梦_804","设施：4.5","环境：5.0","服务：4.5","儿子马上十岁了，每年都要例行来中国照相馆拍生日照。拍照特别快，与往年排队等待至少2个小时形成鲜明对比...","儿子马上十岁了，每年都要例行来中国照相馆拍生日照。拍照特别快，与往年排队等待至少2个小时形成鲜明对比。王府井大街上还是有一些人的，百货大楼里面顾客极少，售货员们扎堆聊天，算着还有多长时间下班。和平果局还是有点小惊喜，几家小吃店开着，尚有一丝烟火气。楼上楼下，穿越半个世纪的时光，令人恍如做了一个梦。","2022-05-15 22:48"
"炸鸡不吃皮","设施：5.0","环境：3.0","服务：5.0","很小的一个柜台。

📍位置：「北京市百货大楼」在一楼，两栋之间的柜台。

🅿️停车：12一小时，会员购物...","很小的一个柜台。

📍位置：「北京市百货大楼」在一楼，两栋之间的柜台。

🅿️停车：12一小时，会员购物最多抵扣3小时，买点冰墩墩就把车费抵掉了。

🏜环境：很小，一个围绕柜台。

货品：货品有钥匙扣，冰箱贴，毛绒，88的摆件，小书包。自己买或者送人都可以。

😄服务：很好的。","2022-05-13 00:18"
"笑傲江湖_124272","设施：5.0","环境：5.0","服务：5.0","看点评里我发过的点评，突然发现这个重要的评论还没有发，赶紧来补发
在我的记忆里，之前好像就来过...","看点评里我发过的点评，突然发现这个重要的评论还没有发，赶紧来补发
在我的记忆里，之前好像就来过一次北京百货大楼，上学时都是路过这儿去利生体育用品店买体育用品。去东安市场都比来这次数多。这次听同事说这儿有我想要的这款冰墩墩马克杯，第二天一大早就赶过来了，没想到10点才开门
从正门进去，到走梯前右拐，就能看见北馆，专卖柜台就在北馆门口的左边，专卖柜台面积不太大，冬奥纪念品品种挺多的，柜台里都摆满了，我看到了朝思暮想的冰墩墩杯子，景德镇出品的，品质非常好爱不释手回家后，来了一次中西文化的碰撞","2022-05-04 21:49"
"游侠涛姐","设施：5.0","环境：5.0","服务：5.0","作为老字号，这里承载着多少老北京的记忆
如今的百货大楼早已进行改造，不仅外观高端大气，就连地下布局也...","作为老字号，这里承载着多少老北京的记忆
如今的百货大楼早已进行改造，不仅外观高端大气，就连地下布局也别具一格，彰显旧日老北京的文化背景：灰墙红门上高挂红灯笼，炮局胡同里的市井气息以及门前的小竹车、自行车、摩托车，还有火车站的绿皮火车，目光所及无不勾起儿时的回忆","2022-05-03 13:53"
"头有点大咯","设施：5.0","环境：5.0","服务：4.0","今天和爸爸妈妈一起去了王府井百货的B2层，是和平果局把过去的很多老物件，老店搬了进来...","今天和爸爸妈妈一起去了王府井百货的B2层，是和平果局把过去的很多老物件，老店搬了进来
	
好像做了很长时间了，原谅我现在才来，哈哈哈
	
有录像厅，游戏机厅，果子厅，煤矿家属院，还有28大铁驴，绿皮火车，茅厕，工体的演出信息[吃瓜R]还有四处在墙上，大大的拆字。
	
此行得到了爸爸的充分肯定，可能他就跟录像厅追的我妈。哈哈，离职了，每天和爸妈在一起，别人溜娃我溜妈。","2022-04-29 18:13"
"三哥","设施：5.0","环境：5.0","服务：5.0","布局:求新求变，与时俱进。
设施:电梯，直梯。
环境:优雅的环境，安静的氛围，便利的交通。
服务:比较热情...","布局:求新求变，与时俱进。
设施:电梯，直梯。
环境:优雅的环境，安静的氛围，便利的交通。
服务:比较热情。
今天下午，路过，进来逛逛，发现了，原来一层，卖，冰墩墩和雪融融，就一直看，路人，买走了，大量的冰墩墩和雪融融。还参观了，张秉贵，博物馆，一把抓，当年可是，家喻户晓啊。楼下是，和平菓局，当年刚开始营业是，我是排队参观，现在，游客不超过，10个人。王府井百货大楼，还挺不错的，有空常来。","2022-04-28 21:19"
"军师.北平","设施：5.0","环境：5.0","服务：5.0","王府井百货大楼座落在金街金地王府井大街。
王府井大街承载着百年繁华，也是旅游必须要去的打...","王府井百货大楼座落在金街金地王府井大街。
王府井大街承载着百年繁华，也是旅游必须要去的打卡地。
在这条步行街里聚集着著名的品牌商家老字号。
这条街吸引人眼球前来观赏，常年人来人往熙熙攘攘，由其是傍晚后夜幕降临，华灯初上，满条大街建筑物灯光秀五彩斑斓。
王府井百货大楼会聚天下名牌商家，吃的喝的穿的用的还有摆的，无所不有，琳廊满目。
王府井百货大楼门前广场的铜塑就是全国劳动模范张秉贵，享有盛名天下的一把抓，卖了一辈子的糖果，练就神功，吸引人们前往观看。
现在的柜台里的是当年张秉贵的儿子执岗，那就是子承父业继续发扬光大，也成为了一景

体验评价：
五星好评！
积极推荐！","2022-04-23 06:58"
"点小评9948440709","设施：4.5","环境：4.5","服务：4.5","","在灯市西口附近办事，顺道王府井看了看。曾经在锡拉胡同的单位办公，所以每天都会往返于王府井步行街。后来离开了这个办公地址，好多年没在来了，今天走在街上，熟悉又陌生的感觉。","2022-04-21 17:27"
"【已注销用户】","设施：4.0","环境：4.0","服务：4.0","北京市百货大楼是老北京人最美好的记忆。
楼前是张秉贵师傅的半身塑像，是当年一团火精神的服务楷模！印象...","北京市百货大楼是老北京人最美好的记忆。
楼前是张秉贵师傅的半身塑像，是当年一团火精神的服务楷模！印象最深刻的是他卖糖果，您要几斤几两他手一抓就准
七、八十年代这里和西单商场、东四隆福大厦都是北京人逛街的首选！火爆到人满为患！
过年过节全家来此购物是最开心的事情。
一层有许多卖食品的，糖果柜台永远是孩子们的最爱！糖果在手快乐拥有
随着现代时尚商城的增多，可以购物的选择增多，这里已慢慢被人淡忘。
现在的百货大楼门面还是那个门面，但里面的格局已经完全改变了。
印象最深的老楼梯还在
您若是老北京，来逛王府井大街了记得去这里寻寻当年的记忆。
时代在进步，生活不会一尘不变……","2022-04-21 12:38"
"芳草居士","设施：4.5","环境：4.5","服务：4.5","曾几何时；北京百货大楼是百姓心中最信得过的国营商场！人们到王府井购物必定要光顾百货大楼。
          ...","曾几何时；北京百货大楼是百姓心中最信得过的国营商场！人们到王府井购物必定要光顾百货大楼。
          由于住的比较远了；已经有很多年没有来过这里了！今天是特意来看看百货大楼如今的变化！确实与记忆中的百货大楼相比有很大的不同！看着伫立在大楼前广场上全国劳模张秉贵的塑像；我们不会忘记百货大楼就是北京人心中最诚信的“老字号”！","2022-04-20 23:36"
"匿名用户","设施：5.0","环境：5.0","服务：5.0","","北京王府井步行街真的好大，疫情当下做好个人防护措施。","2022-04-18 20:57"
"西城大土豆","设施：4.0","环境：4.0","服务：4.0","","80后的回忆
诺大的商场
服务员比客人多

对面的apm全是年轻人
哎…","2022-04-17 16:52"
"Sissi的吃乐日记","设施：4.5","环境：4.5","服务：3.5","位置：……此处省略介绍
停车：超级方便，停车入口跟着导航走绝不会错
消费水平：逛商场每次至少在3k+以上
...","位置：……此处省略介绍
停车：超级方便，停车入口跟着导航走绝不会错
消费水平：逛商场每次至少在3k+以上
服务：一般，收银和卖帽子的销售人员服务态度不是很好。今年春节给老妈买帽子，老妈头大，看了几顶让拿下来试一下看哪个合适，销售人员不情不愿的，帽子不让试买个屁啊，不买谁跟你闲的浪费时间，销售人员话里话外潜台词帽子很贵，想好了再试。我内心真是呵呵，自己当天带着近4k的帽子，难道还孝敬不起老妈一顶上K的帽子，就一销售，别那么多内心戏，做好本职工作才能赢得别人的尊重。

今天王府井办事儿顺道逛了一下，还是那样，人很少。去特许专柜看了一眼，冰墩墩雪容融10cm的手办有现货，不用排队。买了三套给自己和送朋友。
百货大楼是老妈那个年代人的青春回忆，基本都是陪她来，如果是我本人，没有特定需求，基本不会首选逛街的地方。","2022-04-16 21:29"
"葵哥来了","设施：5.0","环境：5.0","服务：5.0","王府井百货有些年头了，来王府井步行街玩耍，一定要来看一看。
    虽然时间比较长，但是里面...","王府井百货有些年头了，来王府井步行街玩耍，一定要来看一看。
    虽然时间比较长，但是里面还是很时尚的。可以逛一逛，买卖东西。逛累了可以找个不错的餐馆就餐，全国各地各种风味都有。
    吃完饭还可以在这里看场电影，享受一条龙的快乐。","2022-04-16 11:57"
"【已注销用户】","设施：4.0","环境：4.5","服务：4.5","王府井百货大楼，在六七十年代的北京人心里，那是一个非常高大上的地方，那个年代买东西一提起来就是王府井...","王府井百货大楼，在六七十年代的北京人心里，那是一个非常高大上的地方，那个年代买东西一提起来就是王府井百货大楼，东安商场，西单百货商场，著名的劳模张秉贵就是这里的售货员，现在再来逛，外貌依旧，内里售卖的东西却有了很大的改变。","2022-04-13 20:58"
"就是有口福","设施：5.0","环境：5.0","服务：5.0","王府井百货大楼，一个响当当的名字，中国百货第一店！我有好多年不去了，因为感觉外地旅游团太多，人也多。...","王府井百货大楼，一个响当当的名字，中国百货第一店！我有好多年不去了，因为感觉外地旅游团太多，人也多。今天在澳门味道吃完，忽然想去看看，步行街感觉很宽敞，因为没有什么人，百货大楼里更是没几个人，商品依然很全，名牌聚集，高兴的是，一楼有张秉贵纪念展室，值得一看！","2022-04-10 21:35"
"LJ","设施：5.0","环境：4.5","服务：5.0","第一次在北京百货大楼里看到一楼的专柜，我俩啥都没买。

然后墩墩爆火，也没去王府井排队去。

携墩墩粉又...","第一次在北京百货大楼里看到一楼的专柜，我俩啥都没买。

然后墩墩爆火，也没去王府井排队去。

携墩墩粉又来，买到满意。墩墩、融融可选的不多了。

网上雪容融的毛绒玩具要45天发货，这里有现货。

徽章也不多了，买了2022作为纪念。","2022-04-10 16:45"
"厨娘老佛爷","设施：4.5","环境：4.5","服务：4.0","很多年没有去北京百货大楼了
步行在王府井有一种做为北京人的自豪
特意看一下张秉贵的介绍
当年的了不起的...","很多年没有去北京百货大楼了
步行在王府井有一种做为北京人的自豪
特意看一下张秉贵的介绍
当年的了不起的人物
有很多刻骨铭心的故事
看一遍和平果局勾起对老北京的怀念
真是还原到真实的感觉
老北京的糖葫芦 点心 糖果 
历历在目 一种甜蜜感油然而生
还是非常非常的感动😹","2022-04-09 13:41"
"Nicole_7401280486","设施：4.5","环境：4.5","服务：4.5","王府井百货大楼地下老北京生活缩影～

百货大楼地下，很有年代感的，浓缩了改革开放初期老百姓的生活，也对...","王府井百货大楼地下老北京生活缩影～

百货大楼地下，很有年代感的，浓缩了改革开放初期老百姓的生活，也对原有北京城的市容市貌做了刻画。
那会儿的北京城没有外地人介入，寻常百姓家的生活也大多是胡同里街坊四邻的团结与融洽，生活虽清贫，但邻里间透着的都是互助，谁家做点儿好吃😋的都端来端去分享的年代，很怀念。但时代在进步，新的北京城用包容接纳了来自世界各地的朋友，但发展中的新北京虽高楼林立，但总感觉失去了很多的味道。
也许这就是人们所说的怀旧吧～","2022-04-08 13:45"
"钓鱼要到岛上钓","设施：4.5","环境：4.5","服务：4.5","这应该是中国比较出名的百货商场了吧，可我第一次来却看到了这样的景象
疫情的影响，线...","这应该是中国比较出名的百货商场了吧，可我第一次来却看到了这样的景象
疫情的影响，线上经济的繁荣，不知道他能否再现昨日的荣光。
我和媳妇下午两点过去的，五点半离开的，离开时候上了点人。
疫情快过去吧！让我们回归平静的生活。","2022-04-07 22:36"
"阳光中的晨晨","设施：4.0","环境：4.0","服务：4.0","北京老牌的百货大楼了，小的时候总来，现在商场多了来王府井少了。
里面的时尚品牌也不少，一层化妆品二层...","北京老牌的百货大楼了，小的时候总来，现在商场多了来王府井少了。
里面的时尚品牌也不少，一层化妆品二层服装楼上还有儿童商城，很多小孩的服装和玩具很是可爱。
逛完百货大楼遛遛王府井步行街感受一下北京的发展变迁。","2022-04-07 14:35"
"匿名用户","设施：4.5","环境：5.0","服务：5.0","","去年就去过了，很有上个世纪年代感的一个地方，在百货大楼地下二层。今年进去发现比以前感觉拥挤了，和平邮局关了，有一些物件移动了摆设的位置，在火车旁边增加了投币的可以打拳皇游戏机。","2022-04-06 18:49"
"Kingoftheworld","设施：4.5","环境：4.5","服务：4.5","","商场布局全面，在步行街走的很爽
天空很蓝，空气很清新，希望每天都有这样的好天气！","2022-04-06 18:45"
"BRISINGR","设施：5.0","环境：5.0","服务：5.0","🍎The Spring Festival is undoubtedly the most important festival in the eyes of every Chinese people...","🍎The Spring Festival is undoubtedly the most important festival in the eyes of every Chinese people in the world. And at this stage, more Chinese traditional festivals are being promoted.","2022-04-05 15:44"
"启用___味道之旅_","设施：4.5","环境：4.5","服务：4.5","王府井百货大楼玩具城，大人小孩的世界，变形精钢系列产品周边产品，只有想不到的没有见不到的，欧特曼系列...","王府井百货大楼玩具城，大人小孩的世界，变形精钢系列产品周边产品，只有想不到的没有见不到的，欧特曼系列限定产品，很多，逛个没完，啥都想要，上午人还是没有那么多，都去赏花了，下午人应该会偏多 小孩子喜欢玩的地方，来看看电影周边产品还是不错的嘿嘿","2022-04-04 12:05"
"包包小吃货","设施：5.0","环境：5.0","服务：5.0","好久没有来百货大楼了，我记得小时候王府井百货大楼是行业顶级的存在，现在商场那么多，而且大家网购也比较...","好久没有来百货大楼了，我记得小时候王府井百货大楼是行业顶级的存在，现在商场那么多，而且大家网购也比较多，逛商场的比较少了，今天要不是陪着发小去买冬奥纪念品，我也没有机会过来逛一逛，百货大楼装修了，装修之后感觉没有老楼有感觉了，有了很多国外奢侈品的牌子，我们去了冬奥纪念品的专卖地点，都卖光了，所以就在一层溜达溜达，还是比价怀旧的。","2022-04-02 11:02"
"大王君","设施：5.0","环境：5.0","服务：5.0","假日来这里
目标很明确

去王府井百货大楼
源于要过三八
去收获礼物

每年的三八
仪式感是要有的

去年...","假日来这里
目标很明确

去王府井百货大楼
源于要过三八
去收获礼物

每年的三八
仪式感是要有的

去年三八收获
兰蔻和玉兰油
消耗也才过半
转眼又是一年

今年三八收获的欧莱雅
对比目前正在使用的玉兰油
同样的如出一辙
都有着一个好听的名字
称之为大红瓶
颜色鲜艳
喜感有佳

功效好不好
这要两说着
用了后
真没觉得有那么那么的好
可是呢
不用肯定是那么那么的糟

就是说
涂抹是为了
皮肤滋滋润润
不至于
那么皱皱巴巴
你还想怎样？
深层护理？
肌白粉嫩？
那就想多了

发帖的一刹那间
考虑犹豫了一下
没再上传收获的
另外一个牌子的
土豪金包装照片
当时就想着用这
与大红瓶对比下

最终
发在了微信朋友圈
看后，大家都笑了
太过夸张的土豪金
真叫一个土豪
越瞄越俗
越瞄越土
俗气侧漏

就说么
土和俗是一对
缠绕不休的冤家

小土为俗，你要拭去
少土微尘，你要掸去
众土为田，可以有所收获
还是这土，不一样的角色

其实，是想说
没有这些热闹的瓶瓶罐罐
与大宝天天见也是很好呀
有一款
蛋白蜜的舒展性也蛮好的
具有兰花独有的淡淡清香
绝不输给其它
明年三八就是它

你不信？
我信。","2022-04-01 06:32"
"天堂有你","设施：4.5","环境：4.5","服务：4.5","北京市百货大楼，是我国最早的一个百货零售商店，已经有着几十年的历史了。🙄

经历了风风雨雨，资产重组...","北京市百货大楼，是我国最早的一个百货零售商店，已经有着几十年的历史了。🙄

经历了风风雨雨，资产重组和内部升级改造，现在的百货大楼已经焕然一新。

一进门就感觉到了儿童乐园，各种玩具，手办，和娱乐设施一应俱全。

地下一层还有和平菓局，80年代满满的回忆全在里面。

购物，逛街，遛娃，来这里真的可以逛一整天。","2022-03-31 21:45"
"茉莉米拉","设施：5.0","环境：5.0","服务：5.0","一层有玩具区，品种很全哦，基本都长在我家娃喜欢的点上。楼上是衣服，价格倒是还算合理；地下一层还有人均...","一层有玩具区，品种很全哦，基本都长在我家娃喜欢的点上。楼上是衣服，价格倒是还算合理；地下一层还有人均必打卡的和平菓局，场景还原十分真实。总之男女老少都逛的很开心。每次来王府井都必逛，每次逛都感觉进城了。","2022-03-31 16:36"
"壹宸小院","设施：4.0","环境：4.0","服务：4.0","一个让我们怀旧的地方！
一个二十年前的繁华街道！
都是小时候的味道，龙须酥、各种小零食，吹糖人！
搪瓷...","一个让我们怀旧的地方！
一个二十年前的繁华街道！
都是小时候的味道，龙须酥、各种小零食，吹糖人！
搪瓷洗脸盆，带大梁的28自行车，小霸王游戏机，震天响的爆米花，路口的修鞋师傅，满满都是回忆！
有时间去重温一下吧！","2022-03-28
  更新于2022-03-31 10:56"
"【已注销用户】","设施：4.0","环境：4.0","服务：4.0","工作日去百货大楼，客人非常少，商场里宽敞明亮，商品玲琅满目，服务员态度都不错，介绍商品细致。
一楼有...","工作日去百货大楼，客人非常少，商场里宽敞明亮，商品玲琅满目，服务员态度都不错，介绍商品细致。
一楼有冬季奥运会特许商品的专柜，就在直梯旁边，柜台不大 商品几十种吧，有冰墩墩和雪融融的钥匙扣等。
六楼是大型老字号餐厅，七层是中等规模餐厅。","2022-03-30 16:17"
"菜花512","设施：4.5","环境：5.0","服务：4.5","王府井百货大楼，下面的和平果局，里面都是仿照五六十年代的老北京胡同景色，还有各种老北京特色的手工艺，...","王府井百货大楼，下面的和平果局，里面都是仿照五六十年代的老北京胡同景色，还有各种老北京特色的手工艺，像编铁丝，小老虎帽子，还有老北京的点心和各种药制的香包，还有DIY人像的捏制。里面还有一个小剧场，就在火车站旁边，可以坐着休息一下，还可以上火车看看，极为有代入感。
如果是团体去需要提前预约。","2022-03-29 22:21"
"大英子美美哒","设施：4.0","环境：4.5","服务：4.5","旅行景点之一，旅游旺季这里的人会很多，目前特殊时期，人少了很多，阴天有点微微的小雨

老百货商场了，都...","旅行景点之一，旅游旺季这里的人会很多，目前特殊时期，人少了很多，阴天有点微微的小雨

老百货商场了，都是很多品牌的老商场。
也是老字号了。在王府井大街上的老字辈的商场。
全国各地的都会来购物，名声很大的。","2022-03-28 16:51"
"爱吃美食的mm","设施：5.0","环境：5.0","服务：5.0","我晕😵
王府井下了公交一路导航走廊还给我弟拍了张照片  七拐八拐终于找到啦  在Aj就走不了啦好...","我晕😵
王府井下了公交一路导航走廊还给我弟拍了张照片  七拐八拐终于找到啦  在Aj就走不了啦好看  我和弟弟一块买了！一人一双！有一个黑色的女鞋特好看，导购员说具有收藏价值哦我买的是下面这个服务人员很有耐心  我前后让她拿了好几个样式  都特别耐心  推荐哦","2022-03-27 20:50"
"春风和煦","设施：4.0","环境：4.0","服务：4.0","","上周中午，路过王府井大街，顺便到百货大楼一层化妆品区领取体验装。
       顾客并不多，随意逛逛，拍了几张照片。","2022-03-26 06:01"
"予我七暖","设施：4.5","环境：4.5","服务：4.5","一楼居然有冬季奥林匹的专卖店，就是没什么东西了，很小的一点小店。
然后再去地下逛逛童年的回忆。
吐槽一...","一楼居然有冬季奥林匹的专卖店，就是没什么东西了，很小的一点小店。
然后再去地下逛逛童年的回忆。
吐槽一下下面卖的杏仁豆腐。真的没什么味道，双皮奶也是，好像还没自己在家做的好吃么，踩雷了。
里面有家卖面的，还不错，好吃","2022-03-24 19:30"
"奔赴星辰","设施：4.5","环境：4.5","服务：4.5","「和平菓局老北京风物馆」有味道的老北京文化还原小巷

按照老北京胡同文化原味还原，糖人/脸谱/照相馆等等...","「和平菓局老北京风物馆」有味道的老北京文化还原小巷

按照老北京胡同文化原味还原，糖人/脸谱/照相馆等等一应俱全

里面放了个绿皮火车头，老式的行李箱🧳🧳放在架子上，很有90年代的应景感

里面的放映厅有超大一堵墙，很适合拍剪影，墙顶有格子的剪影做园区，很有小清新的感觉

和平裹局里有很多老北京小吃:糖葫芦/驴打滚/糕点铺子，每一个都是原汁原味小胡同里的味道

位置就在王府井百货大楼B2层（记得上午10点左右来哦，人超少，没人抢拍照位）","2022-03-23 17:19"
"花果山在逃小王子","设施：4.0","环境：4.0","服务：4.0","在王府井步行街上建筑风格独树一帜，看起来有种欧式城堡的感觉，晚上灯光亮起的时候更有一种金碧辉煌的效果...","在王府井步行街上建筑风格独树一帜，看起来有种欧式城堡的感觉，晚上灯光亮起的时候更有一种金碧辉煌的效果。里面有很多的大牌，衣服、化妆品、玩具等。也有老北京展览馆，可以体验老北京的悠久历史。等到九点钟声响起，感觉一整天的疲惫都被悠扬的钟声带走了，很惬意。","2020-06-11
  更新于2022-03-23 09:33"
"o白敏儿0","设施：5.0","环境：5.0","服务：5.0","王府井百货大楼，在一层有一处好大好大的地方，专门卖各种毛绒玩具的，简直就是女孩子跟儿童的乐园啊，偶尔...","王府井百货大楼，在一层有一处好大好大的地方，专门卖各种毛绒玩具的，简直就是女孩子跟儿童的乐园啊，偶尔也有几位男士，不是爸爸就是带女朋友过来的。品种很齐全，也都是大品牌，质量非常好，价格也不贵，就是导购不那么积极，都是有需求了，自己主动找他们。","2022-03-23 09:28"
"duoduo","设施：5.0","环境：5.0","服务：5.0","","每月都来王府井玩，百货大楼和apm来的最多，活动多，好吃的多，怎么来都不够。","2022-03-20 17:16"
"有你的日子","设施：5.0","环境：5.0","服务：5.0","路过了王府井大街，总要过来看看逛一下，门口的冬奥计时标志还在，百货大楼里的冬奥特许商店还在，还有部分...","路过了王府井大街，总要过来看看逛一下，门口的冬奥计时标志还在，百货大楼里的冬奥特许商店还在，还有部分纪念品可以买，看着这些纪念品仿佛冬奥还没结束，想想当时的激动心情，不由得热血沸腾。
这里也是外地游客的打卡圣地，看着他们高兴的脸庞，都很欣慰。","2022-03-20 00:18"
"sunny_w","设施：5.0","环境：5.0","服务：5.0","百货大楼是小时候的记忆了，好像很久远了。走在王府井大街上，商铺林立，感觉各商户的生意越来越难做了，因...","百货大楼是小时候的记忆了，好像很久远了。走在王府井大街上，商铺林立，感觉各商户的生意越来越难做了，因为这么繁华的地段，人流却不是很多，可以看出来更多的人还是遛弯儿来的，购物的欲望估计低很多，但愿疫情快些过去，大家的生活恢复正常，商家的生意越来越好。","2022-03-19 19:07"
"不知道叫什么","设施：4.5","环境：4.5","服务：4.5","北京老牌的综合购物商场 现在去更多其实是一种回忆 爸妈没事的时候喜欢来这里逛逛 放松一下 东西还是挺全的...","北京老牌的综合购物商场 现在去更多其实是一种回忆 爸妈没事的时候喜欢来这里逛逛 放松一下 东西还是挺全的 买衣服 吃饭什么的都可以 周末人挺多的 最好平时来 感觉导购都挺热情的 对得起老字号的口碑 好评 推荐大家都来看看吧！","2022-03-16 18:32"
"hellococi","设施：0.5","环境：0.5","服务：0.5","从王府井百货大楼加的冬奥商品咨询群。所谓的群主（北京市百货大楼服务小助手）并没有发任何关于其中冬奥产...","从王府井百货大楼加的冬奥商品咨询群。所谓的群主（北京市百货大楼服务小助手）并没有发任何关于其中冬奥产品的东西。

群内一堆黄牛高价售卖高价收冬奥商品。群里一律不管，一个冰墩墩要价2000，群主根本不做理会。

今天偶然发现淘宝官旗上新，基本都能预订，除个别商品外。不想让更多人高价且无保障地买纪念品，便截图发于群里。却被群主踢出。

群公告并没有写任何东西，也没有写不能发图，曾经也有人发过截图，不明白为什么这就是个问题了？

为什么黄牛不管，说官旗要踢？？？","2022-03-14 00:34"
"衷于旅途","设施：5.0","环境：5.0","服务：5.0","王府井百货这个负二楼真的好有意思，有一种穿越民国的时代感

有很多细节设计，包括小胡同，路边的棋...","王府井百货这个负二楼真的好有意思，有一种穿越民国的时代感

有很多细节设计，包括小胡同，路边的棋牌室，一些标语，都很细节了……很出片的地方！

拍了好多照片，慢慢溜达也很有趣，给妈妈看她说真的是感觉像小时候的样子。","2022-03-13 14:54"
"小朱同学","设施：5.0","环境：5.0","服务：5.0","「王府井/东单」扫街直出很可以！逛吃逛喝还能玩上一圈，不愧是王府井大街！📷

现在北京的天气已经逐渐回...","「王府井/东单」扫街直出很可以！逛吃逛喝还能玩上一圈，不愧是王府井大街！📷

现在北京的天气已经逐渐回温了，这几天平均温度都有十几度，最高温度达到了22度，毛衣外套可以安排上了。

推荐来王府井的小伙伴，先逛一圈不着急找地方吃饭，这一片的文化气息还是很浓郁的，既有商业街的氛围，也不失老北京城的味道。","2022-03-10 21:23"
"妪","设施：4.5","环境：4.5","服务：3.0","多少年没去北京最著名的百货大楼了！这次重游简直到不认识了！地面上几层都是现代的，与时俱进的时鲜，我们...","多少年没去北京最著名的百货大楼了！这次重游简直到不认识了！地面上几层都是现代的，与时俱进的时鲜，我们没什么兴趣。
到地下一层有一个和平果局，倒是有点老北京的味道。只是太破旧不堪了吧！
张丙贵同志是当年的北京商业模范，他的卖糖果的一把准，让我们刮目相看记忆犹新啊！","2022-03-09 18:18"
"享受风景_7874","设施：4.5","环境：4.5","服务：0.5","按这种管理方式离关门不远了。
三八节陪家里领导去大楼购物，感受到了百货大楼奇葩的管理方式，浓浓的大衙...","按这种管理方式离关门不远了。
三八节陪家里领导去大楼购物，感受到了百货大楼奇葩的管理方式，浓浓的大衙门作风。这大商场就留一个门进，两扇门还开一扇，只留两个扫码的牌子，造成人流在门口聚集，排了好几十人，门口有个穿西服的拦着人，一次只放三个人进，三个人扫完码在进。典型的以防疫的名义破坏经济啊！态度还巨差吆五喝六和美国大使馆办签证看门的有一拼。哪位讲话了商场生意兴隆与否和我无关，我就管这段 典型的官僚主义作风啊！对面东安市场也国营的，就扫码这块管理上云泥之别啊！在北京这多大型商场里搞成这样的也独此一家吧！希望北京商委领导管管，你百货大楼级别高，也是商场啊！不是衙门啊！是为人民服务的啊！知道节日人多为啥不多开两个门。你们不是高高在上的管理者啊！管不得商场人越来越少，自己作的啊！以后再也不去 不受那个刺激了。","2022-03-08 16:19"
"丰收的元月","设施：5.0","环境：5.0","服务：5.0","假期有空来王府井转转，百货大楼是必打卡的地方。
从北楼进入，直接面对奥运会纪念品柜台，全都没货，只能...","假期有空来王府井转转，百货大楼是必打卡的地方。
从北楼进入，直接面对奥运会纪念品柜台，全都没货，只能直接走过了。
跟着人流往下走，大家都是去参观百货大楼b2层搭建的老北京特色室内景观-和平菓局，整整一层的面积，仿建的老北京上个世纪的各种街景，对于一个从小生活在楼房里的土著来说，看看也挺有意思的，一小部分见过类似实景，更多的也是看个新鲜，在这里开开眼界，也替长辈们怀个旧，感受下曾经的那个年代。
b1层都是北京的各种老字号品牌专柜，难得一层能聚集这么多的老字号，对于时间紧任务重想带些北京特产的外地朋友来说，太友好了，一站解决。
地上的楼层基本就属于传统百货了，北楼时尚些，高端些。主楼接近传统大众些。
北楼的楼上有两层餐饮区域，人不算太多，没看到排队等位的情况。
主楼人流最多的还是一层的化妆品区和儿童玩具城，都算是百货大楼的目前的招牌特色区域。","2022-03-06 22:25"
"苍之封印22","设施：4.5","环境：4.5","服务：4.5","","去了就没有空手出来的小朋友
每个人都是一个大盒子 哈哈哈哈","2022-03-06 17:45"
"Alice月月妈","设施：4.5","环境：4.5","服务：5.0","孩子心心念念和平果局里的棉花糖，终于借着要去王府井书店买书的机会，再次来了王府井百货大楼。和平果局还...","孩子心心念念和平果局里的棉花糖，终于借着要去王府井书店买书的机会，再次来了王府井百货大楼。和平果局还原北京胡同原生态还真有一套，特有味道。特别是那位谁家的老太太，我每次来都觉得就是小时候胡同里见过的某位坐马扎戴着红箍维持胡同治安的奶奶，那气势，绝对是有老太太在，犯罪分子绝没有一点机会看着就那么亲切啊，形象太逼真了。里面还有对老北京文化、对北京城介绍的小剧场。推荐大家有空带孩子来转转。我们特地还去了B1的张秉贵柜台，他曾经是全国劳动模范，著名的“一把抓”，百货大楼门口还有他的塑像，给孩子买了一点大白兔奶糖，那边有位服务特别专业、亲切的售货员，估计也是在体现北京百货大楼的传承精神吧。就是服务台真不好找，一般商场不都安排在一进门的显眼位置上嘛，我问了好几人，找了好半天。服务台在很里面，对着MK商铺的位置就能看到了。奥运商品柜台也没啥东西了，大家想买还是去某宝上试试运气吧。","2022-03-06 13:54"
"金秀妍小可爱","设施：5.0","环境：5.0","服务：5.0","和平果局在王府井百货大楼的地下，重建了一个老北京城，一下子穿越回半个世纪前
强烈推荐绿皮火车，火车可...","和平果局在王府井百货大楼的地下，重建了一个老北京城，一下子穿越回半个世纪前
强烈推荐绿皮火车，火车可以上去坐坐，体验感很强
整个地下都还原了老北京胡同风貌，氛围感很浓，建筑道具都很真实，一点都不会出戏
在王府井百货大楼B2层","2022-03-03 10:07"
"雾","设施：4.0","环境：4.0","服务：4.0","以前白天来逛王府井并没有注意到百货大楼有这么漂亮，晚上的夜景原来这么美，整条街就属它最亮眼，尤其是冬...","以前白天来逛王府井并没有注意到百货大楼有这么漂亮，晚上的夜景原来这么美，整条街就属它最亮眼，尤其是冬奥会的彩色霓虹灯的巨大logo 的装点下，吸引了好多过往的游客停下来拍照打卡，旁边的好几颗树下还有冰墩墩和雪容融的投影，很可爱","2022-03-03 09:41"
"hi绿野仙踪","设施：4.0","环境：4.0","服务：4.0","小时候来北京的记忆就是在王府井大街上逛北京市百货大楼，但我习惯于叫它王府井百货。这么多年过去了，它依...","小时候来北京的记忆就是在王府井大街上逛北京市百货大楼，但我习惯于叫它王府井百货。这么多年过去了，它依然在王府井大街上闪闪发光，尤其是夜景特别好看，我特别喜欢他家的钟楼。
2018年年底过来的时候，负一层还是美食广场，现在负一层已经做成了一个深夜市集。","2022-03-02 17:20"
"阿拉灯神玎珰","设施：4.5","环境：4.5","服务：4.5","成功实现一人一墩！
给孩子买的水杯，350ML大小合适，上学带水喝！杯子很实用，因为满满的带了7枚徽章可拆...","成功实现一人一墩！
给孩子买的水杯，350ML大小合适，上学带水喝！杯子很实用，因为满满的带了7枚徽章可拆卸，杯套上有口，自己DIY装饰！自己也可以把徽章自我发挥下做成冰箱贴或者缝制在背包上！冰墩墩是在冬奥会前参加的一个官方学习奥运知识小程序打卡获得的，凡尔赛的最高境界了，不花钱不排队不抢购，不仅学习了，还送了冰墩墩和学习证书！","2022-03-02 14:51"
"金豆豆哒吃喝玩乐","设施：0.5","环境：0.5","服务：0.5","","今天想去四楼修改衣服的地方订个扣子。这个服务态度差的！爱答不理的，可能是钉扣子钱太少？果断离开！真是毁王府井百货老牌子的形象！希望百货公司管管，不能因为这一颗老鼠屎毁了形象。","2022-03-02 12:23"
"阿狸Xhosa","设施：3.5","环境：3.5","服务：3.5","北京市百货大楼，一般都叫王府井百货大楼，很少能想到北京市百货大楼这个名字。张秉贵是劳动模范也差不多是...","北京市百货大楼，一般都叫王府井百货大楼，很少能想到北京市百货大楼这个名字。张秉贵是劳动模范也差不多是百货大楼的另一块招牌了，在老百货大楼和北侧新楼的结合部百货大楼还特别设立了纪念馆。门口正对着奥运纪念品专卖店，虽然没有冰墩墩但还是很多人排队凑热闹","2022-03-01 14:40"
"会计美食家","设施：5.0","环境：5.0","服务：5.0","","我最近总去百货大楼，喜欢上了百货大楼，特别是和平果局，每次都要去一次，妥妥的童年回忆","2022-02-28 23:25"
"这样挺好哈哈","设施：4.5","环境：4.5","服务：3.5","北京市百货大楼
新中国第一店
楼的外墙上贴着牌子，介绍了这里的知识。这里始建于1955年9月25日，以前...","北京市百货大楼
新中国第一店
楼的外墙上贴着牌子，介绍了这里的知识。这里始建于1955年9月25日，以前是王府井百货大楼，是上世纪五六十年代北京市的标志性建筑之一。作为中国零售商业的一面旗帜，一代又一代“大楼人”秉持匠人精神，缔造了无数的辉煌和荣誉。
平时很少来这里逛，但是时间一长还是挺想来的。","2022-02-28 21:09"
"乾云","设施：5.0","环境：3.5","服务：4.0","位置：无敌好。北京繁华的几个地方之一。
交通：推荐公共交通。停车场不够。去了几次停车都排队。
这次停车...","位置：无敌好。北京繁华的几个地方之一。
交通：推荐公共交通。停车场不够。去了几次停车都排队。
这次停车在了夹层里，取车时候忘了在B2还是B3，楼上楼下找了一下，发现在夹层，好尴尬😅。
看了几个金器，很是精致漂亮，哪个都喜欢。","2022-02-28 18:45"
"顽皮的胖猴子","设施：3.5","环境：3.0","服务：4.0","著名的北京市百货大楼，位于王府井大街，是新中国🇨🇳成立后北京建造的第一座大型百货零售商店，被誉为“...","著名的北京市百货大楼，位于王府井大街，是新中国🇨🇳成立后北京建造的第一座大型百货零售商店，被誉为“新中国第一店”。1955年9月开业，当时名为”北京市百货公司王府井百货商店”，1968年7月改为”北京市百货大楼”，以经营日用百货为主。

记忆中儿时最幸福的事就是妈妈带着我们来逛百货大楼，看张秉贵爷爷笑容可掬地带着他的徒弟们”一把抓”，排队给我们买糖果🍬吃😄😄。

百货大楼🏬曾经辉煌过，中学时每天都要路径王府井，看着熙熙攘攘的人群进出百货大楼🏬，看着他们大包小包的采购后满足的表情……

如今的百货大楼🏬，早已没有了昔日的喧闹与繁华，虽然商品够丰富、品牌也不乏一线大牌，但稀稀了了的游人难掩落寞孤寂的景象……","2022-02-28 11:42"
"Fyy_8726","设施：4.5","环境：4.5","服务：4.5","去王府井办事，顺便去逛了逛百货大楼
有几年没逛百货大楼，空荡荡的大厅，没有几个顾客，今天是周日呀，估...","去王府井办事，顺便去逛了逛百货大楼
有几年没逛百货大楼，空荡荡的大厅，没有几个顾客，今天是周日呀，估计正常工作日人更少
原先逛百货大楼和新东安市场楼上楼下的逛一天也不嫌累，现在走到二层咋就不想逛了呢
是因为疫情，外地顾客少？还是实体店都这样？
真希望疫情快点过去，人们生活恢复正常，经济快速走上正轨
整个王府井步行大街，看见了3个长龙队，俩个是买东奥纪念品的，一个是吴裕泰买冰激凌🍦","2022-02-28 08:04"
"小杨zz","设施：4.5","环境：4.5","服务：4.5","","冰墩墩买不到了，吃的挺多的，还算适合逛。","2022-02-27 11:40"
"Serendipity","设施：5.0","环境：5.0","服务：5.0","不知道北京人对王府井的心情是不是和天津人对待和平路的一样呢。很小很小的时候爸爸妈妈带着去过，那时候看...","不知道北京人对王府井的心情是不是和天津人对待和平路的一样呢。很小很小的时候爸爸妈妈带着去过，那时候看什么东西都觉得新鲜有趣。后来大学毕业后，只要去北京也会经常去逛，还总去后面的小吃一条街解馋，我想这个情怀会一直在吧。","2022-02-26 21:22"
"上善若水","设施：4.0","环境：4.0","服务：4.0","中华人民共和国成立后北京建造的第一座大型百货零售商店，被誉为“新中国第一店”，位于王府井大街，1955年...","中华人民共和国成立后北京建造的第一座大型百货零售商店，被誉为“新中国第一店”，位于王府井大街，1955年9月开业至今，近70年的历史，北京市规划委员会、北京市文物局于二OO七年十二月十九日，将该建筑已经北京市政府批准列入《北京优秀近现代建筑保护名录（第一批）》。","2022-02-26 13:59"
"藕荷郁金香","设施：4.5","环境：4.5","服务：4.5","对于老北京孩子来说，这绝对是充满童年回忆的商场。多年不来，这次陪着外地来京朋友一起逛了逛，发现里面变...","对于老北京孩子来说，这绝对是充满童年回忆的商场。多年不来，这次陪着外地来京朋友一起逛了逛，发现里面变化真不小。
由于朋友是带着孩子来的，就一起逛了二层三层的哈姆雷斯。这真是孩子们的天地，满满两层都摆放满了玩具，各种卡通形象，男孩女孩都试用，边玩边挑，孩子看哪个都喜欢，还有其他小朋友一起玩，看着孩子开心，大人也省心。就是这里价格偏高，相比起网上，确实要贵很多。不过质量有保证，绝对正品！","2022-02-25 11:48"
"匿名用户","设施：4.5","环境：5.0","服务：3.5","早就听说王府井百货大楼，经过装修后成为新的网红，打卡地，我们此次专程从步行街走到王府井百货大楼。整体...","早就听说王府井百货大楼，经过装修后成为新的网红，打卡地，我们此次专程从步行街走到王府井百货大楼。整体感觉改造后升级的比较成功，古色古香！在坐上扶梯进入二楼，以后心情就被这个女人完全破坏掉了！她一直在和周边的服务员大声聊天，喧嚣，喧哗吵闹，时间长达半个小时！在公共场所根本不顾忌别人的感受，毫无教养！以至于同楼层其他柜台的服务员都侧目而视，纷纷摇头！都说快忍受不了了，希望你们赶紧**曝光一下。不知道为此人是谁？应该严加管理，这么好的购物环境别让个别无素质的人破坏了！正值冬奥会期间应注意国际影响。","2022-02-24 17:40"
"匿名用户","设施：0.5","环境：0.5","服务：0.5","","态度也太差了 就问个柜台在哪 就冲人嚷嚷说那边去 我就是路过看一眼 什么态度","2022-02-23 10:37"
"hi.hi","设施：5.0","环境：5.0","服务：5.0","逛了一层，一层有很多小孩儿玩儿的、用的东西，孩子的室内鞋（如图1），看上去很舒服，很漂亮。一层有旋转...","逛了一层，一层有很多小孩儿玩儿的、用的东西，孩子的室内鞋（如图1），看上去很舒服，很漂亮。一层有旋转木马，如图3，有孩子在玩儿，天气冷，在室内玩儿挺好，可能因为疫情，人不多。一层还有哈根达斯（如图2），儿童玩具（如图4）等。和其他的商场一样，一层有首饰，转了一下金至尊，如图5、图6。","2022-02-22 23:07"
"lyh920920","设施：5.0","环境：5.0","服务：5.0","好久没来百货大楼了，地下停车场排队等了好久，听朋友说那天来根本不让进停车场那条街，直接绕路走了，看来...","好久没来百货大楼了，地下停车场排队等了好久，听朋友说那天来根本不让进停车场那条街，直接绕路走了，看来我还是挺幸运的。一个字，多啊，人真的好多，看到了为了买冰墩墩纪念品长长的队伍，震撼到我了，因为上次来的时候也就一两个人询问。最开心的是抽奖抽到了冰墩墩的冰箱贴，回来还没照相就被婆婆抢走了。商场服务特别好，每个工作人员都很热情，祝新的一年百货大楼越来越好！","2022-02-21 09:26"
"默然相爱_5318","设施：3.5","环境：3.5","服务：3.5","","带宝宝打卡玩具反斗城，玩的不错，但餐厅和配套一般，没有母婴室","2022-02-19 23:13"
"A*丽888","设施：5.0","环境：5.0","服务：5.0","带娃去王府井转转，顺便看看最近 bingdundun排队有多火爆！最值得去就是b2的和平菓局，里面能找到小时候见...","带娃去王府井转转，顺便看看最近 bingdundun排队有多火爆！最值得去就是b2的和平菓局，里面能找到小时候见过，用过，看过的小东西！带着孩子转了转，她看了皮影，吹了糖人，看了西洋镜，买到了不同口味的大白兔奶糖，超级开心！最后我买了草莓小贝，挺好吃的，还会再去！","2022-02-18 15:54"
"hbfandbbl","设施：5.0","环境：5.0","服务：5.0","许久没来王府井了，这次奔着哈姆雷斯来的，就在百货大楼一二三层，真是儿童的天地啊，如同老鼠掉进了大米仓...","许久没来王府井了，这次奔着哈姆雷斯来的，就在百货大楼一二三层，真是儿童的天地啊，如同老鼠掉进了大米仓一般，玲琅满目，应有尽有，在这里不买点东西是出不去的，适合生日啥的来挑礼物。一楼的旋转木马很美轮美奂。","2022-02-18 11:13"
"兜宝","设施：4.5","环境：4.5","服务：2.5","咳咳咳～专场百货大楼来排队，毕竟队伍少一点～
有一个大大的缺点#因为有好多进商场的门，所以排长队的人有...","咳咳咳～专场百货大楼来排队，毕竟队伍少一点～
有一个大大的缺点#因为有好多进商场的门，所以排长队的人有些亏呢，还好我和朋友分开排的，不然悔死了呢，但是还是没有排到冰墩墩毛绒玩具～只能买一些徽章，摆件，和冰箱贴啦","2022-02-17 12:43"
"渺小的美好","设施：4.5","环境：4.5","服务：4.5","王府井百货大楼位于北京东城区王府井大街255号，商店招牌在步行街上非常醒目，也算是地标性建筑～它在1955...","王府井百货大楼位于北京东城区王府井大街255号，商店招牌在步行街上非常醒目，也算是地标性建筑～它在1955年9月开业，名为北京市百货公司王府井百货商店～历经风雨，随着时代的脚步，逐渐变成集餐饮、服装、首饰、儿童乐园等一系列项目的大型综合商场～","2022-02-15 19:23"
"【已注销用户】","设施：4.5","环境：4.5","服务：5.0","哇哈哈，又来北京百货大楼了，里边好多东西可以逛，东西特别齐全，算是北京特色了，最初来北京的时候，就喜...","哇哈哈，又来北京百货大楼了，里边好多东西可以逛，东西特别齐全，算是北京特色了，最初来北京的时候，就喜欢到这里来玩了，十多年了，没变过，位置就在王府井里边，特别好好找，附近好多可以逛的地方，周末的好去处，大家有时间可以过来玩玩！","2022-02-14 16:11"
"乌拉拉拉氏纯圆","设施：4.5","环境：4.5","服务：4.5","在北京最值得逛的商圈就是王府井大街了，到了晚上，华灯初上，整个王府井大街都被璀璨的霓虹灯照耀的格外显...","在北京最值得逛的商圈就是王府井大街了，到了晚上，华灯初上，整个王府井大街都被璀璨的霓虹灯照耀的格外显眼这个五牛图在整个大街的中心部分，还是在牛年的时候摆放在这里的本命年的时候特意过来合过影

王府井百货大楼地下二层和平菓局特别值得一去，微缩了80年代的老北京城的景象经历过那个年代的人会特别有感触，值得带着自己的小孩和父母过去逛逛

整条大街经过了改造，宽敞整洁基本上隔50米就有警察叔叔，在保障着这里的一方平安夜游这里也是个不错的选择哦","2022-02-12 17:45"
"enzhyuan","设施：5.0","环境：5.0","服务：5.0","很特别很有创意！好友特意要我来逛逛看看！很有年代感！感觉回到了我父母那个年代！设计.布局特别逼真！估...","很特别很有创意！好友特意要我来逛逛看看！很有年代感！感觉回到了我父母那个年代！设计.布局特别逼真！估计70～50年代人看了很有感触！哈哈还特意上一个年代感的厕所！有机会父母来北京玩也带过来寻找一下儿时记忆!","2022-02-11 21:56"
"离经叛道的小狐狸","设施：5.0","环境：5.0","服务：5.0","","太久没来了。话说来王府井停车停百货大楼停车场还是很方便的。","2022-02-11 06:40"
"娜美酱810","设施：4.5","环境：4.5","服务：4.5","一开始以为只需要排个把小时就差不多了 没想到队伍是拐了几个弯 拐了又拐……排了几小时队 最后如愿买到了...","一开始以为只需要排个把小时就差不多了 没想到队伍是拐了几个弯 拐了又拐……排了几小时队 最后如愿买到了漂亮的纪念币和徽章 还算挺值得的 辛苦没白费 要夸下百货大楼的工作人员 态度很好 我旁边一位老奶奶看了很久都没有下决心到底买什么 工作人员依然超有耐心的在服务她 并没有不耐烦或者轻蔑的语气 这点真的要夸夸他们","2022-02-07
  更新于2022-02-10 21:01"
"谢世先","设施：4.5","环境：4.5","服务：4.5","北京百货大楼是商业的龙头企业！是北京的代表作，是外地和国际友人必去景点之一！
好久...","北京百货大楼是商业的龙头企业！是北京的代表作，是外地和国际友人必去景点之一！
好久没有去北京百货大楼🏬了，今天一去感到很亲切，特别是看到：张秉贵的纪念馆，情不自禁地驻足去看看，张秉贵是全国劳动模范，他的一团火的服务精神教育着我们这一代人，他的业务很精湛，一把抓的技术留下来的深刻印象！
逛北京百货大楼🏬寻找了过去的回忆！不虚此行！","2022-02-10 12:41"
"金花_8186","设施：4.5","环境：4.5","服务：4.5","北京百货大楼是北京商场的代表作！
北京人在过去一说买衣服👔，总是说：进城去百货大楼...","北京百货大楼是北京商场的代表作！
北京人在过去一说买衣服👔，总是说：进城去百货大楼呦！
去百货大楼总要想起一个人——那就是劳动模范张秉贵。他是普通售货员在卖糖果的柜台上用一团火的精神为人民做好服务。现在张秉贵的精神在北京百货大楼传承，门前有张秉贵的雕像🗿！一层还有张秉贵纪念馆，
走进去参观收到了一次深刻地教育！张秉贵同志的精神永远值得我们学习。
逛百货大楼还是受到教育，真是物质精神双丰收，值得向大家推荐！","2022-02-10 08:46"
"私人日记","设施：4.5","环境：5.0","服务：5.0","和菓局，这是开业以来第二次来这里，人还是挺多的，还有点儿过年的气氛，不过发现好几个之前有惊喜的小地方...","和菓局，这是开业以来第二次来这里，人还是挺多的，还有点儿过年的气氛，不过发现好几个之前有惊喜的小地方都不开放了，疫情原因……很可惜……不过也有了几个新的改变，比如这个年夜饭，看着就挺喜庆的！！没事儿来逛个情怀还是挺好的","2022-02-09 21:17"
"F","设施：5.0","环境：5.0","服务：1.0","一整个大无语住！百货大楼一楼冬奥柜台的阿姨也太下头了吧！一大早被骂真的是气炸。
早上在文华东方下的车...","一整个大无语住！百货大楼一楼冬奥柜台的阿姨也太下头了吧！一大早被骂真的是气炸。
早上在文华东方下的车，对面儿有一个口儿写着（冬奥商品入口）就是图2的那里 我们以为这个标指示的就是这个口，而且当时这个口堆了很多人，我们就扫码进去了。进去以后发现楼里空空的，有点奇怪 就去冬奥那里问了一句。我原话是：“您好 劳驾问一下 请问冬奥商品是在这里等嘛？” 她过来说 “你谁啊？” 给我问懵了，接着她说“你是XX还是顾客？”（这句没听清）貌似问是不是员工还是顾客， 我说是顾客 上来就给我来一句“出去！” 就是轰人的口气 贼不客气 这什么素质啊请问！
不是您卖吉祥物您就是吉祥物了成嘛，怎么那么大谱儿啊！之前看评论说百货大楼售货脾气不好还不信，这次信了 忒给北京丢人了！百货大楼可是北京老牌儿了，这得治理一下吧，今儿体验感绝了！","2022-02-09 16:24"
"您知道我是谁","设施：4.5","环境：4.5","服务：4.5","过年氛围还是非常非常非常的浓厚的，人也比较多，很热闹，而且地下一层带孩子过来玩会发现还是挺有意思的呢...","过年氛围还是非常非常非常的浓厚的，人也比较多，很热闹，而且地下一层带孩子过来玩会发现还是挺有意思的呢，一些小食品卖的稍微有点贵，7层的吃喝奥的饭的地方比较多，6层是主题餐厅好，挺好的，整条街也很热闹啊哈哈哈哈哈","2022-02-08 19:19"
"熙熙","设施：4.5","环境：4.5","服务：4.5","北京百货大楼也是老牌商家了！
商场里面各式品类齐全，好多精品的品牌都在这个商场里，在王府井这条...","北京百货大楼也是老牌商家了！
商场里面各式品类齐全，好多精品的品牌都在这个商场里，在王府井这条街上几乎什么东西都找得到，
父母就非常喜欢来这个商场采购生活用品，楼梯间的饰品展示着商场的气韵！
树上挂满了奢侈品牌有点出戏哈哈😆","2022-02-08 17:53"
"小猪猪娟娟","设施：5.0","环境：5.0","服务：5.0","","原本不知道为什么大家都喜欢他，拿到手才知道好可爱","2022-02-08 01:16"
"长长久久走花路","设施：4.5","环境：4.5","服务：4.5","刚好去王府井吃饭，找到了拍照的好位置。
位置在步行街里面，去的话地铁公车都可以，公车站的话需要走一段...","刚好去王府井吃饭，找到了拍照的好位置。
位置在步行街里面，去的话地铁公车都可以，公车站的话需要走一段。位置很好找。
以前去的时候后面还有小吃街，不知现在疫情怎么样了。
周边很多很多地方商场，而百货大楼只是众多的商场之一。","2022-02-07 23:11"
"giddiness","设施：4.5","环境：4.5","服务：4.5","王府井百货大楼B2太有意思了，感觉穿越到小时候了，南新仓胡同，各种小时候的回忆，胡同，自行车，玩具，包...","王府井百货大楼B2太有意思了，感觉穿越到小时候了，南新仓胡同，各种小时候的回忆，胡同，自行车，玩具，包装，墙体，还有很多小吃，不同年龄不同的感受吧，我陪着爸妈去的，感觉回到了小时候，还是蛮有意思的～值得去，也算是一个回忆的必打卡点了吧","2022-02-07 22:33"
"celiako","设施：4.0","环境：4.0","服务：4.0","【布局】分南北馆，南馆是老馆，一共4层；北馆是新开发的，比较时尚新潮，一共有9层。

两馆涵盖服装、珠宝...","【布局】分南北馆，南馆是老馆，一共4层；北馆是新开发的，比较时尚新潮，一共有9层。

两馆涵盖服装、珠宝首饰、腕表、化妆品、家具用品、数码家电，餐厅和影城在北馆，北馆B2层还有一个网红打卡地和平菓局。

【🛠️设施】楼梯、电梯、卫生间、免费🆓WIFI、地下停车场🅿️，一应俱全。

【🌿环境】外部建筑非常中式，内部装饰时尚，环境干净整洁，室温适宜，空间宽敞。

【🏁位置】位于东城区王府井大街255号。

【🚦交通】非常便利，乘坐地铁🚇8号线在金鱼胡同站下车出C口步行270米即达。","2022-02-07 20:50"
"He兔","设施：4.5","环境：4.5","服务：4.5","2月4号冬奥开幕那天百货大楼一层买到抢手冰墩墩，中行信用卡还🈵100-30，热门冰墩墩20cm玩偶优惠后只要￥16...","2月4号冬奥开幕那天百货大楼一层买到抢手冰墩墩，中行信用卡还🈵100-30，热门冰墩墩20cm玩偶优惠后只要￥162，太值了，而且只排了10分钟队，比工美大厦人少多了。
春节期间活动真的很多，hamleys🈵300-60，抢到超大号的巴塞罗🐻优惠后只要￥319，热门款也能优惠真是开心
这个春节假期收获满满，都是王府井百货买的，优惠了30+60+60=150 哈哈哈","2022-02-06 20:02"
"偏叫塔塔","设施：4.5","环境：4.5","服务：0.5","","为了去muji买东西去了王府井百货。门口保安态度查健康码态度粗暴，王府井百货大楼是王府井街上历史最长的商铺，如今服务却跟同一条街的新东安，apm和银泰完全比不了。应该不会再来。","2022-02-06 12:40"
"刘小沟","设施：5.0","环境：5.0","服务：5.0","节日期间的王府井百货大楼内，一层的冬奥会特许经营纪念品柜台前，排起长长的队伍，足有几千人，队伍沿着商...","节日期间的王府井百货大楼内，一层的冬奥会特许经营纪念品柜台前，排起长长的队伍，足有几千人，队伍沿着商场的通道拐了好几道弯儿，有的人已经排了几个小时，就为了能够买到自己心仪的冬奥纪念品。同样，在马泉营的赛特奥莱的特许经营店前，也有上千游客排队。可见人们对冬奥会的热情是多么的高涨。这也为节日里喜庆热烈的气氛添加了浓墨重彩。","2022-02-05 22:10"
"平果婶儿","设施：3.5","环境：3.5","服务：4.0","婆婆83了，说好多年没去百货大楼了，为了让她过年能开心，少想点烦恼的事，走，初四一早9.30就到了百货大楼...","婆婆83了，说好多年没去百货大楼了，为了让她过年能开心，少想点烦恼的事，走，初四一早9.30就到了百货大楼停车场.，嘿，结果3.40人家才开门呢，墨迹了半天才让等在门口，进了停车场，商场10点才开门呢！又继续等
以后知道了，不能太早，实在无聊，地库里当运动场，溜达溜达
商场已经改造了很多年，扶梯和观光梯都有。方便又整洁！
品牌也很多样，且进口品牌也很多，服务态度很好，热情周到！
过年没啥外地人，所以逛起来比合生汇，国贸三期要舒服，没那么嘈杂。
但是餐厅的质量不高，经历了这一次，下次不会在这个楼里选餐厅，还是要去中环商场，更多高大上的选择，或者干脆吃肯德基或者麦当劳","2022-02-05 20:02"
"小蝈蝈爱阿狸","设施：4.5","环境：4.5","服务：4.5","今天本来是出来买冰墩墩的周边的，找了好久，了解到这里有，所以就来了，结果我都想晕了，因为要排队，呵呵...","今天本来是出来买冰墩墩的周边的，找了好久，了解到这里有，所以就来了，结果我都想晕了，因为要排队，呵呵呵～冷笑一下，努力吧，排队～所以我现在在排队～呵呵～虽然服务人员已经有告知售罄的情况，还是不死心，继续～","2022-02-05 15:27"
"今天不忌口","设施：5.0","环境：5.0","服务：5.0","","冬奥会开幕的第二天，王府井百货大楼门口排队几千人了，这是在抢购什么吗，一起跟个风，但是排队太长了，更本看不到头尾在哪，期待一会会有奇迹发生吧","2022-02-05 10:02"
"佳佳逛吃大北京","设施：5.0","环境：5.0","服务：5.0","一说起王府井；
百货大楼、东风市场是首先要提起的；
东风市场已成为记忆；
感谢历史把百货大楼留下了
...","一说起王府井；
百货大楼、东风市场是首先要提起的；
东风市场已成为记忆；
感谢历史把百货大楼留下了
每当行进在王府井大街(不习惯叫步行街)
即使不走进百货大楼也要向她顶礼膜拜；
今天走进去依然仿佛能感觉到张秉贵师傅的音容笑貌!","2022-02-05 09:25"
"骑乐无穷","设施：5.0","环境：5.0","服务：5.0","春节期间王府井大街晚上灯光明亮，霓虹灯照亮了整条街，尤其是北京市百货大楼门前，第24届冬季奥林匹克运动...","春节期间王府井大街晚上灯光明亮，霓虹灯照亮了整条街，尤其是北京市百货大楼门前，第24届冬季奥林匹克运动会开幕、冬季残奥会开幕倒计时牌，吸引了很多游人，游人用手机、相机记录下这一个历史时刻的到来，人们都在期待着冬奥火炬点燃，期盼着冬奥会开幕式。","2022-02-04 23:49"
"听云淙淙","设施：5.0","环境：5.0","服务：5.0","没办法逛庙会只好在市里找找年味儿～
百货大楼的和平菓局早有耳闻，一直没空过来，趁着春节来逛逛。地下停...","没办法逛庙会只好在市里找找年味儿～
百货大楼的和平菓局早有耳闻，一直没空过来，趁着春节来逛逛。地下停车位需要等，好在有工作人员帮忙疏导我们六点到的等的时间不是很久。
和平菓局入口不起眼，看着人多的地方去排队就是了，查验健康码工作人员很仔细。地下面积不是很大，但布置的很有年代感，药铺影院戏院火车头胡同理发店照相馆还是很细致的，人多有气氛，非常适合打卡。","2022-02-04 17:28"
"微笑女王","设施：5.0","环境：5.0","服务：5.0","除夕的大北京没有了往日的喧嚣 一早清儿 马路上车也不多 人也不多 冷冷清清王府井更是罕见的人...","除夕的大北京没有了往日的喧嚣 一早清儿 马路上车也不多 人也不多 冷冷清清王府井更是罕见的人少 早就想带着宝宝来和平菓局打卡了 一想到人挨人人挤人 还是算了吧趁着今儿个除夕过来 简直包场 总共也没看见几个人和平菓局位于王府井百货大楼的地下 第一次来的话真是不好找 我们也是一路打听着才找到除夕的王府井百货人也很少 时间关系 我们都没来得及逛 直接就和平菓局了 有些小遗憾","2022-02-04 07:59"
"小猪胡咧咧","设施：4.5","环境：4.5","服务：4.5","转完了工美，顺便去百货大楼也看看徽章，今天是北京冬奥会倒计时一天的日子，在门口拍了个照片。里面的人也...","转完了工美，顺便去百货大楼也看看徽章，今天是北京冬奥会倒计时一天的日子，在门口拍了个照片。里面的人也很多，看了一圈买了几个倒计时的徽章，感觉很精美，质量也不错，价格也合理。购买特许商品也是为北京冬奥做贡献。","2022-02-03 23:15"
"果味—vc","设施：5.0","环境：5.0","服务：5.0","王府井百货大楼，真的是有N多年没有去过了，感觉里面和其他的大商场还是有区别的，没有那么时尚，该有的品...","王府井百货大楼，真的是有N多年没有去过了，感觉里面和其他的大商场还是有区别的，没有那么时尚，该有的品牌还是有的，就是感觉好小呀，现在地下二层有了一个老北京的记忆，真的就是70、80后的回忆，很有小时候的感觉，有空可以去看看，推荐","2022-02-03 21:16"
"矫情小妖精","设施：3.5","环境：4.0","服务：4.0","🌟年初二来，不能说是人山人海吧，但是干嘛都要排队……
🌟进门排队，购物交钱也排队，停车场别想了，压...","🌟年初二来，不能说是人山人海吧，但是干嘛都要排队……
🌟进门排队，购物交钱也排队，停车场别想了，压根都没排队的机会，还没到门口就被拦住了，让停到王府世纪的停车场……
🌟但是我好嫌弃那个停车场，脏脏的，于是绕了一圈，兜兜转转，停到了万豪公寓下面的车场……走过来5分钟吧，还好啦～","2022-02-03 19:24"
"分享我的体验","设施：4.0","环境：4.0","服务：3.5","过年就是要买买买，吃吃吃，聚聚聚，聊聊聊，逛逛逛
2022虎年新年，疫情在北京本土还有病例的情况下...","过年就是要买买买，吃吃吃，聚聚聚，聊聊聊，逛逛逛
2022虎年新年，疫情在北京本土还有病例的情况下，王府井居然这么多人，可能跟东城没有疫情有关，丰台人少的可怜啊！
逛街一定要带好口罩，保证安全(ღ˘⌣˘ღ)
不出门真的挺难的，7天假要好好享受ヾ ^_^♪
现在的玩具，包装盒子和里面的东西差太多，简直了，打开盒子就一辆车，图上有10多个，549一个，太不值了，主要是这种欺骗消费者的行为","2022-02-03 08:38"
"nnzzxxyq","设施：4.0","环境：4.0","服务：4.5","过节怎么能不来王府井转转呢！新东安在转型中很值得期待哦，因为我的初中高中母校就在附近，上学能来这里逛...","过节怎么能不来王府井转转呢！新东安在转型中很值得期待哦，因为我的初中高中母校就在附近，上学能来这里逛逛简直是开心的不要不要的！时代变迁此条街越来越时尚了，尤其外地游客很爱来打卡！疫情之下那条小吃街不见了太遗憾了，期待重启！","2022-02-02 21:23"
"匿名用户","设施：2.5","环境：2.5","服务：2.5","","🅿️停车难，玩具贵。去了个寂寞","2022-02-02 18:41"
"肥命","设施：3.5","环境：3.5","服务：3.5","去的时候把车停到隔壁中环地下了，百货大楼地下停车场需要排队。
因为孩子们要逛玩具店，所以直奔这里了！...","去的时候把车停到隔壁中环地下了，百货大楼地下停车场需要排队。
因为孩子们要逛玩具店，所以直奔这里了！玩具分类清洗，女生一层男生的在一层，想逛什么直截了当。价格普遍比网购贵，但是触手可得的感觉是网购比不了的，各有千秋。只是现在这个节点儿比较尴尬，选好需要排很久的队伍去结账！
果断改道，听到楼下有敲鼓的声音，原来地下二层有像庙会一样的活动，老北京的布景，7080后小时候的满满都回忆！
只是东西比庙会还贵，刚排队等下电梯时有位小妹妹举个牌子让扫码领优惠券，一会儿进入可以用，结果用的时候发现很鸡肋，买迷你糖葫芦30块钱一盒4串，优惠券满35可以减4元，买了一盒4小串，我们一家5口吃得还剩下2串，榴莲味儿和抹茶味儿都是用白豆沙做的，唉...一言难尽！吹糖人儿：现场吹的狗像狗马也像狗，就是没有摆着的样式好（可能小朋友们的肺活量都不行吧，图个新鲜算了，但价格，我也只能呵呵呵了）看到我们小时候的饼干桶了，想给孩子们也买一个顺便我和老头儿也能追忆一下童年，结果一问只卖空桶，里面啥也没有！
算了，过年就图个开心热闹吧！","2022-02-02 00:05"
"特约播出","设施：5.0","环境：5.0","服务：5.0","王府井百货大楼是北京最老的商场之一，这里承载着很多人的深情记忆。五十年代至八十年代过新年一定要到百货...","王府井百货大楼是北京最老的商场之一，这里承载着很多人的深情记忆。五十年代至八十年代过新年一定要到百货大楼来采购年货，国营企业童叟无欺，货品齐全，只是凭票证供应，不象现在按需购买。全国劳动模范张秉贵师付的塑像立在楼前的广场上，让人肃然起敬！","2022-02-01 23:13"
"匿名用户","设施：4.5","环境：4.5","服务：0.5","疫情两年多了，去哪里都需要扫码，可以理解，但是头一次碰到这么NB的商场保安。进大门扫码，已经出示了，还...","疫情两年多了，去哪里都需要扫码，可以理解，但是头一次碰到这么NB的商场保安。进大门扫码，已经出示了，还牛逼轰轰问扫没扫，态度之恶劣真是少见。
停车场、大门全员扫码之后去B3还要再扫码，问了下门口工作人员，直接嘟囔说你在家里待着不用扫，真NB。就这么个态度，以后真不会再去了。位置再好、硬件再好，也不想再见这些跟大爷似的工作人员，出来逛街，谁也不是出来受气的。
疫情防控给了太多人本不该有的权利，有一点权力就要在老百姓面前吆五喝六，继续这么搞下去，早晚把老牌子搞黄。","2022-02-01 21:34"
"匿名用户","设施：4.5","环境：4.0","服务：0.5","","给服务台打电话，接起来就挂接起来就挂，是服务台电话不好用吗","2022-02-01 15:56"
"wo水果多","设施：4.5","环境：4.5","服务：4.5","环境复古，物品摆放很符合八十年代风格，就是我们印象里小时候的样子！
参观的人很多，这里不单单是北京80...","环境复古，物品摆放很符合八十年代风格，就是我们印象里小时候的样子！
参观的人很多，这里不单单是北京80年代的样子，也是全国各地那个年代的布景，是个追忆似水年华的好地方，拍照很不错，很复古出片！
有小吃店和一些卖纪念品的地方，值得一去！","2022-01-31 21:21"
"望秋水","设施：5.0","环境：5.0","服务：5.0","来王府井百货大楼，老是觉得有一种回味在心里面，当年的辉煌已经成为历史了，经典传承还在，更具现代化了，...","来王府井百货大楼，老是觉得有一种回味在心里面，当年的辉煌已经成为历史了，经典传承还在，更具现代化了，吃喝用样样俱全，特别是这里还是地标性建筑和打卡之地，来自五湖四海的游客络绎不绝，特别是到了农历信念，还是一排喜气洋洋的。","2022-01-30 13:33"
"洪义","设施：4.0","环境：4.0","服务：4.0","小时候住在王府井，就在百货大楼的南面，夏天基本上都要来百货大楼或者东安市场逛一逛，东安市场变化很大，...","小时候住在王府井，就在百货大楼的南面，夏天基本上都要来百货大楼或者东安市场逛一逛，东安市场变化很大，百货大楼的南区一直留着以前的回忆，现在增加了北区，地下一层也有一条老北京风情街，偶尔来逛一逛还是很有意思的，西区几层的儿童商品，也是许多家长带着孩子过来的必选目的地。","2022-01-29 21:23"
"李木易","设施：3.5","环境：3.5","服务：4.0","怀旧好去处
     熙熙攘攘的人群，看着复古的设计风格，虽然自己小时候没有生活在这种地方，但...","怀旧好去处
     熙熙攘攘的人群，看着复古的设计风格，虽然自己小时候没有生活在这种地方，但是能回忆起小时候都是这个模样
      穿上那个时代的最潮流的海军衫和黑蓝裤子，斜挎上军绿色的五角星挎包，沉浸式体验，拍美美的照片，感觉会很好！！！
     在火车这里有很多小吃，也有休息的地方，还有拉洋片的，真的是很复原了，虽然有些商业化，但是给我们提供了一个回忆的地方","2022-01-26 12:50"
"huniuniumama","设施：5.0","环境：5.0","服务：5.0","最近一段时间去了几趟王府井百货，真的收获满满。
王府井百货大楼也算北京的老牌百货商店啦，历史悠久，妥...","最近一段时间去了几趟王府井百货，真的收获满满。
王府井百货大楼也算北京的老牌百货商店啦，历史悠久，妥妥的上市公司啦。
老牌百货也焕发青春，大牌云集，基本想要的品牌都能找到，而且还有很多活动，赶上活动还是比较划算的，值得一逛","2022-01-22 20:25"
"Linda_891206","设施：4.5","环境：4.5","服务：0.5","服务实在是太差啦，在六楼吃完饭，拿着消费小票去五楼办理停车卷，但是由于是临牌，工作人员表示直接拿着消...","服务实在是太差啦，在六楼吃完饭，拿着消费小票去五楼办理停车卷，但是由于是临牌，工作人员表示直接拿着消费小票出去，结果到了停车场出口，被停车大爷拦住，说这个不可以，要是盖了章，于是不放行，说这是规定，我们解释过后，还是不放行，我们要求打电话联系确认，但是不打电话也不放行…实在让人无语！","2022-01-22 20:25"
"炒肝儿卤煮","设施：5.0","环境：5.0","服务：5.0","","北京的老牌高端商场，虽然因为疫情萧条了很多，不过里面的入住品牌还是很高大尚的。希望早日恢复。","2022-01-22 10:58"
"李朝晖314","设施：4.5","环境：4.0","服务：4.5","新年第一天去的王府井，百货大楼是必去的打卡地。她是这条街最亮的，也是几代人的回忆。
特意走了楼...","新年第一天去的王府井，百货大楼是必去的打卡地。她是这条街最亮的，也是几代人的回忆。
特意走了楼梯，边上立了一块步行梯-见证历史，经典永恒的展板介绍。进这个商场购物已在其次，回忆经典才是目的，比较有意思的是儿童用品和玩具部分，有大型的四驱车赛道，看看也很过瘾","2022-01-21 22:56"
"Viki吃在京城","设施：4.0","环境：4.0","服务：4.5","王府井百货大楼是王府井的地标性建筑。北京冬奥会倒计时牌清晰的看到，打卡还能免费🉐冬奥会纪念品。真的...","王府井百货大楼是王府井的地标性建筑。北京冬奥会倒计时牌清晰的看到，打卡还能免费🉐冬奥会纪念品。真的不错吧！商场地下二层是一个和平果局。特别适合打卡拍照，参观游览。纪念老北京的记忆。还是有点看头。不过最近商场需要扫健康宝进入，没有健康宝的朋友，是不让进的。","2022-01-21 16:11"
"双子小桃心","设施：5.0","环境：5.0","服务：5.0","","从小就逛的商场，这里有冬奥官方特许商品零售店，还有网红的和平菓局，值得一逛街。","2022-01-19 09:34"
"匿名用户","设施：2.5","环境：2.5","服务：0.5","","入口负责看着扫码人员态度差，进门口时已经进行扫码了，还得让扫码，这真够负责的，盯着你手机看，特别反感这种侵犯隐私的行为。","2022-01-19 11:46"
"野野","设施：5.0","环境：5.0","服务：5.0","平时真的是二年不来一回王府井。这地方早就变成旅游景点了。这是之前家里娃上幼儿园了，我和媳妇没事，骑着...","平时真的是二年不来一回王府井。这地方早就变成旅游景点了。这是之前家里娃上幼儿园了，我和媳妇没事，骑着车遛弯，说好久没去王府井了，遛遛去。百货大楼地下这当年的网红打卡地还真没去过。到这一看还得单买票，也就没进去。对我这个岁数的人来说都是小时候的样子，都在心里，没必要买票跑着看假的。您要是想问票价，那对不住您了，没想进去所以也就没注意看。照片是我们家那位之前和她小姐妹一起去拍的。说实话，还原得还挺不错的，是那个味。","2022-01-18 14:26"
"gm801","设施：4.5","环境：4.5","服务：4.5","","环境卫生干净，动奥会气氛浓烈！","2022-01-17 12:14"
"原来是猪猪ya","设施：4.5","环境：4.5","服务：4.5","新中国第一店，虽然很有年代感，但室内装修设计却一点不老气。分为北馆和南馆。1955年就开业了，至今还有张...","新中国第一店，虽然很有年代感，但室内装修设计却一点不老气。分为北馆和南馆。1955年就开业了，至今还有张秉贵的糖专柜在，感兴趣可以去打卡。
这里的餐厅感觉需要提升下整体竞争力，apm的更好吃一些。楼下有个复古街道打卡点 免费的 和平药局。
年底了 王府井大街的灯饰很好卡，很有氛围感。","2022-01-17 11:45"
"匿名用户","设施：5.0","环境：5.0","服务：5.0","","@北京市百货大楼 激情冰雪，相约冬奥！  ​​​","2022-01-15 10:32"
"兰天","设施：5.0","环境：5.0","服务：5.0","登了天安门层楼后-周日我与我同学一道逛游了王府井——我们笫一次狂北京商店,一进商店门，我惊讶地“哎呀！...","登了天安门层楼后-周日我与我同学一道逛游了王府井——我们笫一次狂北京商店,一进商店门，我惊讶地“哎呀！是峨眉百货公司的几十倍呀?”而且还是底层呢！
     本来就是土包子的我，“开洋荤”了！我的同学也是；不奇怪，因为我们是笫-次走进新中国的笫一店呢！店的规模及店中的货物之多是我们从未见过的。再说我们逛游进这笫一店本身不是为了买东西，而是纯粹是为了逛游     ！           
   当时北京王府井百货大楼的东西确实比小地方(比如峨眉，夾江，乐山)多得多，质量也高级得很。
      仅管逛得我们眼花瞭乱，我们还是把当时王府井百货大楼的几层楼上的主要货物看完了，服装，化妆品，文化用品，办公用品，保健器材，娱乐性东西，食品……虽然我们-样东西也没买，但我们却很滿足，除我们大饱了眼福，更重要的是，我们从王府井百货大楼里的东西，我们窥看到了新中国的物质丰富，看到了新中国的富裕！所以心里很高兴。也就说当时我们逛游几层北京王府井百货大楼，两手空空，但内心质满满的——我们内心被高兴充滿了！这个高兴勁延至回到我同学的女儿的住处——一进门后我们便跳起新疆的“阿拉儿汉”舞来了！当时我同学的女儿开始-楞后抱起她的小孩也跳起来了。
   高兴，高兴，高兴——为祖国的富裕而高兴一直延续着！是夸夸其谈吗，不！是因为虽不是我们，但我们的父母过过国穷被列強欺负的日子！
    现在回亿起来也高兴，而且我们中国現在比2000年更富有，更強大——要富才能強大！作为中国的公民的我，怎么不为之高兴呢?朋友们，你们说呢?

    2022.1.12","2022-01-12
  更新于2022-01-13 11:49"
"宏哥美食","设施：4.5","环境：4.5","服务：4.5","王府井百货大楼可是老店了，看商场门口的介绍说，建于1955年，比我岁数都大
百货大楼是...","王府井百货大楼可是老店了，看商场门口的介绍说，建于1955年，比我岁数都大
百货大楼是解放后国家投资建设的第一座大型百货商场，号称：“新中国第一店”。
另外，著名劳动模范张秉贵也曾经是百货大楼的售货员，他有一抓准的卖糖果技巧，还有对顾客一团火的精神。现在百货大楼里还有一个张秉贵纪念馆呢
今天去百货大楼逛了逛，由于是工作日，人不多，我有好长时间没来过这里了。现在是楼上六层楼下两层，共八层的营业面积，真是不小呢
您要是有时间，真的可以来这里看看，东西全，服务热情，不错","2022-01-13 06:13"
"春天的云","设施：4.5","环境：4.5","服务：4.5","王府井百货绝对算得上是老商场了，里面也改善得挺好。宽敞舒适，分类也合理，吃饭逛街买衣服都不耽误。只是...","王府井百货绝对算得上是老商场了，里面也改善得挺好。宽敞舒适，分类也合理，吃饭逛街买衣服都不耽误。只是稍微冷清了一点，客人不多，品牌也不是很年轻化，偶尔来逛逛挺好的。
交通很便利，坐地铁坐公交都好，千万别开车就行。","2022-01-11 20:02"
"入目皆是遗憾","设施：4.0","环境：4.0","服务：4.0","快过年了、好不容易休一次假。跟朋友逛街 打卡 拍照📷。位于王府井繁华地段、这家商场大楼真不赖。

进门 ...","快过年了、好不容易休一次假。跟朋友逛街 打卡 拍照📷。位于王府井繁华地段、这家商场大楼真不赖。

进门 一层都是比较繁华的珠宝首饰 名表什么的、但是今天人极少。可能是过了饭点吧……

环境氛围比较不错、最喜欢六楼的云南菜、石锅鱼很不赖。","2022-01-11 16:50"
"吃不饱的都有恃无恐","设施：5.0","环境：5.0","服务：5.0","北京比较有名气的一条街了，外地来的朋友不要错过，晚上来更佳，因为夜景节目真的很漂亮，建议和朋友一起来...","北京比较有名气的一条街了，外地来的朋友不要错过，晚上来更佳，因为夜景节目真的很漂亮，建议和朋友一起来，吃吃饭，逛逛街，很适合周末来游玩的一个地方，尤其是你不知道去哪里玩，来这里就对了，商家很多，街道宽旷，很多人游玩很不错的。","2022-01-08 17:38"
"祖籍是重庆的北方人","设施：4.0","环境：4.0","服务：4.0","久违了北京百货大楼，位于市中心的王府井大街，如今卖服装的实体店里好像售货员比顾客多，惨淡经营，真不容...","久违了北京百货大楼，位于市中心的王府井大街，如今卖服装的实体店里好像售货员比顾客多，惨淡经营，真不容易，网络的力量太强大了，满眼望去除了模特就是整齐摆放的服装和游走的售货员了。整个大楼整洁明亮，购物环境很舒适，停车比较困难，停车费也比较贵。","2022-01-08 16:37"
"Kevin","设施：5.0","环境：5.0","服务：5.0","里面很大，各种东西都有，最重要的是商场下面居然还有老建筑，看样子是80年代的，好有时间感，有些东西也见...","里面很大，各种东西都有，最重要的是商场下面居然还有老建筑，看样子是80年代的，好有时间感，有些东西也见过，但没用过，比如，摩托车，邮票，总之蛮不错的，还有火车车厢绿色的的没做过，以前老一辈都做过，我们能看到那些曾经，也可以当是回忆，喜欢逛街的伙伴，约起来吧。","2022-01-08 15:40"
"jack","设施：4.5","环境：5.0","服务：4.5","王府井百货大楼地下一层有很多卖老北京特色食品的，这里可以买到稻香村糕点，伊利食品，全聚德烤鸭，红螺食...","王府井百货大楼地下一层有很多卖老北京特色食品的，这里可以买到稻香村糕点，伊利食品，全聚德烤鸭，红螺食品，可以吃到老北京风味小吃。在扶梯旁有一个张秉贵糖果专柜，在王府井百货大楼门口有个张秉贵塑像，当年很多人就是冲着张秉贵卖糖果一抓准的绝技留下很多回忆，张秉贵在平凡的岗位上做出不平凡的业绩，是我们学习的榜样。","2022-01-08 14:58"
"粉恋桃心","设施：4.0","环境：4.0","服务：4.0","百货大楼被誉为“新中国第一店”，1955年9月开业至今，与时俱进又增加了北楼，而且既有时尚品牌又有老字号...","百货大楼被誉为“新中国第一店”，1955年9月开业至今，与时俱进又增加了北楼，而且既有时尚品牌又有老字号，再就环境也好亮堂，餐饮也不少，这回过主要是买冬奥纪念品的，专柜在一层南北楼中间位置，专柜不是很大，可东西很全，徽章系列很多，冰箱贴种类也不少，还有书包，钥匙扣，杯子等，买点可送人也可自己留做纪念，挺不错的！比较喜欢北京故事玩具系列，有着儿时的回忆！喜欢","2022-01-07 23:54"
"贝壳","设施：3.5","环境：4.0","服务：3.5","好多年没去百货大楼了。听说里面有个老北京一条街景区，就在百货大楼地下一层。地方不大，灯光昏暗，有些主...","好多年没去百货大楼了。听说里面有个老北京一条街景区，就在百货大楼地下一层。地方不大，灯光昏暗，有些主播在此直播。有老店铺，火车头，大北照相馆，糖葫芦，小胡同，也有咖啡厅……都像模型。大北照相馆可以是大北照相馆的老师傅给拍照，布景是北海，挺有意思的。拍拍照，有点效果。","2022-01-04 19:48"
"点小评2649416835","设施：4.5","环境：4.5","服务：4.5","北京最原始的大商场了，可以说是北京的地标性建筑了，人很多，里面的装饰很复古，也很现代。

商场里面的物...","北京最原始的大商场了，可以说是北京的地标性建筑了，人很多，里面的装饰很复古，也很现代。

商场里面的物品齐全，种类繁多，档口密集，中国红，在这里应有尽有。

商场唯一的不足就是太热了，人太多了……

不过，在这里可以享受过节的气氛，超级热闹。","2022-01-03 15:34"
"匿名用户","设施：5.0","环境：5.0","服务：5.0","","设施齐全，干净整洁，服务优好。","2022-01-03 14:41"
"噼噼啪啪的","设施：4.5","环境：5.0","服务：4.0","北京百货大楼位于王府井，号称是新中国第一商场，有历史有传承，现在与时俱进，其实搞得很不错。

疫情期间...","北京百货大楼位于王府井，号称是新中国第一商场，有历史有传承，现在与时俱进，其实搞得很不错。

疫情期间，商家对于大门出入口进行了专门的规划，有些门只能进，有些门只能出。进门需要扫描健康宝二维码，比较正规。

元旦期间，商场里的顾客还是挺多的，但看样子普遍是逛的多，随意溜达的多，真正长时间停留的比较少。毕竟大家已经太习惯于网络购物了，对于商品的价格预期跟百货大楼里挂出来的商品价格相比，差别较大。

目前商家也是有促销活动的，但力度不算太大。

地下二层的和平菓局是很多人来北京百货大楼都要逛逛的地方，很有老北京风味。","2022-01-01 23:55"
"敛憨憨憨","设施：5.0","环境：5.0","服务：5.0","几十年的老店 在繁华的王府井大街 我小时候就来 现在又时不时带孩子来 更何况有一个哈姆雷斯玩具店 五岁以...","几十年的老店 在繁华的王府井大街 我小时候就来 现在又时不时带孩子来 更何况有一个哈姆雷斯玩具店 五岁以下孩子都爱 五岁以上可玩的就不太多了 哈哈
步行街氛围感最好 对面商城也有的逛 所以每次都是一起逛 心情大好
会员积分可以兑换停车券喔 很方便 每次来王府井都把车停到这里","2021-12-06
  更新于2022-01-01 23:21"
"猫喵喵","设施：5.0","环境：5.0","服务：5.0","","骗孩子花钱系列！！有节假日感觉平时来这都没人今天新年新气象人超多！！！！！！！","2022-01-01 15:25"
"小鸟de救赎","设施：5.0","环境：4.5","服务：4.5","王府井百货大楼没想到地下一层还有这种新天地，来了这么多次还真不知道。

地下一层仿老年代的老北京街道胡...","王府井百货大楼没想到地下一层还有这种新天地，来了这么多次还真不知道。

地下一层仿老年代的老北京街道胡同，还有一些比较怀旧的零食，真是童年的记忆，王府井百货大楼在王府井算是老店了，整体感觉不错，价位也不是特别贵。","2022-01-01 00:39"
"莲的心事","设施：4.5","环境：4.5","服务：4.5","🐻 王府井百货大楼最近活动不少鸭！这次在哈姆雷斯处来了一只“巴塞罗熊”，真是超级大的萌萌熊啊，引起大...","🐻 王府井百货大楼最近活动不少鸭！这次在哈姆雷斯处来了一只“巴塞罗熊”，真是超级大的萌萌熊啊，引起大人小孩一顿围观

🐻 关键是还有打卡、宣传的活动哇，成功分享可以获得小熊发箍一个，到服务台就可以拿到了，小哥哥还会送你气球🎈如果不需要坐地铁🚇带回家也是不错的啦","2021-12-31 23:41"
"实在","设施：4.0","环境：4.0","服务：4.0","元旦前一天的百货大楼大门口前跟平时没有什么不同，门口是张秉贵的铜像，在1979年那个年代非常出名，张秉贵...","元旦前一天的百货大楼大门口前跟平时没有什么不同，门口是张秉贵的铜像，在1979年那个年代非常出名，张秉贵是糖果售货员，不用秤称重，一把抓一绝，一抓准，是全国劳模，在百货大楼里还有张秉贵纪念馆。我们小的时候家长就带我们来这里买衣服，那时候北京大型商场还不多，北京百货大楼，东风市场，西单商场，天桥百货商场就这么几家国营大商场，现在有的倒闭了，有的变名字了，只有百货大楼还依然红火。","2021-12-31 19:16"
"金刀駙馬","设施：4.5","环境：4.5","服务：4.5","小时候住在东华门，几乎每天晚上都去王府井遛弯儿，后来随着搬家和年龄增长，很少来这边了……前些天到横店...","小时候住在东华门，几乎每天晚上都去王府井遛弯儿，后来随着搬家和年龄增长，很少来这边了……前些天到横店影城看电影，在百货大楼里边，顺便故地重游一下！
最明显的感受，是人气远不如前了，也是受疫情的影响吧，外地人进不了京，北京人没事儿谁去王府井逛啊～
其实百货大楼在保留自身特色的基础上，还是很注意求新求变的，展现过去时光的“和平菓局”和引进的外国玩具店，都挺吸引人的，有时间的话，可以来看看哦……","2021-12-30 17:44"
"雲水缘一84002811","设施：5.0","环境：5.0","服务：5.0","虽然很近，但好多年没来王府井大街了，偶尔路过，感触颇深…漫步在王府井百货大楼前，“新中国第一店”曾经...","虽然很近，但好多年没来王府井大街了，偶尔路过，感触颇深…漫步在王府井百货大楼前，“新中国第一店”曾经载满了我的青春岁月，那个时候，一有空闲，便约上小伙伴“逛王府井”去，口气里充满了豪迈！如今，进入王府井百货大楼，人没有了那个时候的熙熙攘攘，更多了几分安静和放松。无意间看到了张秉贵纪念馆，这是一团火精神的传承，“一把抓”精神在王府井百货大楼弘扬光大！太棒了，加油，王府井百货大楼！永远的第一！","2021-12-26 20:22"